-- fast-admin scaffold database initialization
-- Full structure, curated seed data. Runtime logs/history/files/secrets are intentionally excluded.
SET NAMES utf8mb4;

-- MySQL dump 10.13  Distrib 8.4.9, for macos26.4 (arm64)
--
-- Host: localhost    Database: fast_admin
-- ------------------------------------------------------
-- Server version	9.5.0

/*!40101 SET @OLD_CHARACTER_SET_CLIENT=@@CHARACTER_SET_CLIENT */;
/*!40101 SET @OLD_CHARACTER_SET_RESULTS=@@CHARACTER_SET_RESULTS */;
/*!40101 SET @OLD_COLLATION_CONNECTION=@@COLLATION_CONNECTION */;
/*!50503 SET NAMES utf8mb4 */;
/*!40103 SET @OLD_TIME_ZONE=@@TIME_ZONE */;
/*!40103 SET TIME_ZONE='+00:00' */;
/*!40014 SET @OLD_UNIQUE_CHECKS=@@UNIQUE_CHECKS, UNIQUE_CHECKS=0 */;
/*!40014 SET @OLD_FOREIGN_KEY_CHECKS=@@FOREIGN_KEY_CHECKS, FOREIGN_KEY_CHECKS=0 */;
/*!40101 SET @OLD_SQL_MODE=@@SQL_MODE, SQL_MODE='NO_AUTO_VALUE_ON_ZERO' */;
/*!40111 SET @OLD_SQL_NOTES=@@SQL_NOTES, SQL_NOTES=0 */;

--
-- Current Database: `fast_admin`
--

CREATE DATABASE /*!32312 IF NOT EXISTS*/ `fast_admin` /*!40100 DEFAULT CHARACTER SET utf8mb4 COLLATE utf8mb4_0900_ai_ci */ /*!80016 DEFAULT ENCRYPTION='N' */;

USE `fast_admin`;

--
-- Table structure for table `ai_chat_message`
--

DROP TABLE IF EXISTS `ai_chat_message`;
/*!40101 SET @saved_cs_client     = @@character_set_client */;
/*!50503 SET character_set_client = utf8mb4 */;
CREATE TABLE `ai_chat_message` (
  `id` varchar(32) NOT NULL COMMENT 'дё»й”®',
  `session_id` varchar(64) NOT NULL COMMENT 'жүҖеұһдјҡиҜқдёҡеҠЎID',
  `role` varchar(16) NOT NULL COMMENT 'и§’иүІпјҡuser/assistant',
  `content` mediumtext COMMENT 'ж¶ҲжҒҜеҶ…е®№',
  `process_json` longtext COMMENT 'еҠ©жүӢж¶ҲжҒҜзҡ„жҖқиҖғдёҺе·Ҙе…·иҝҮзЁӢ JSON',
  `model_name` varchar(128) DEFAULT NULL COMMENT 'еҠ©жүӢж¶ҲжҒҜдҪҝз”Ёзҡ„жЁЎеһӢй…ҚзҪ®еҗҚз§°',
  `model_provider` varchar(32) DEFAULT NULL COMMENT 'еҠ©жүӢж¶ҲжҒҜдҪҝз”Ёзҡ„жЁЎеһӢжҸҗдҫӣж–№',
  `model_code` varchar(128) DEFAULT NULL COMMENT 'еҠ©жүӢж¶ҲжҒҜдҪҝз”Ёзҡ„жЁЎеһӢзј–з Ғ',
  `prompt_tokens` int DEFAULT NULL COMMENT 'иҫ“е…Ҙ(жҸҗзӨә)token ж•°',
  `completion_tokens` int DEFAULT NULL COMMENT 'иҫ“еҮә(иЎҘе…Ё)token ж•°',
  `total_tokens` int DEFAULT NULL COMMENT 'жҖ» token ж•°',
  `created_by` varchar(64) DEFAULT NULL,
  `created_id` varchar(32) DEFAULT NULL,
  `created_at` datetime DEFAULT NULL,
  `updated_by` varchar(64) DEFAULT NULL,
  `updated_id` varchar(32) DEFAULT NULL,
  `updated_at` datetime DEFAULT NULL,
  `is_deleted` tinyint(1) NOT NULL DEFAULT '0',
  PRIMARY KEY (`id`),
  KEY `idx_ai_chat_message_sid` (`session_id`,`created_at`)
) ENGINE=InnoDB DEFAULT CHARSET=utf8mb4 COLLATE=utf8mb4_0900_ai_ci COMMENT='AI дјҡиҜқж¶ҲжҒҜ';
/*!40101 SET character_set_client = @saved_cs_client */;

--
-- Table structure for table `ai_chat_session`
--

DROP TABLE IF EXISTS `ai_chat_session`;
/*!40101 SET @saved_cs_client     = @@character_set_client */;
/*!50503 SET character_set_client = utf8mb4 */;
CREATE TABLE `ai_chat_session` (
  `id` varchar(32) NOT NULL COMMENT 'дё»й”®',
  `session_id` varchar(64) NOT NULL COMMENT 'дјҡиҜқдёҡеҠЎIDпјҲеүҚз«Ҝз”ҹжҲҗпјү',
  `user_id` varchar(64) DEFAULT NULL COMMENT 'жүҖеұһз”ЁжҲ·ID',
  `title` varchar(255) DEFAULT NULL COMMENT 'дјҡиҜқж ҮйўҳпјҢеҸ–йҰ–жқЎз”ЁжҲ·ж¶ҲжҒҜ',
  `created_by` varchar(64) DEFAULT NULL,
  `created_id` varchar(32) DEFAULT NULL,
  `created_at` datetime DEFAULT NULL,
  `updated_by` varchar(64) DEFAULT NULL,
  `updated_id` varchar(32) DEFAULT NULL,
  `updated_at` datetime DEFAULT NULL,
  `is_deleted` tinyint(1) NOT NULL DEFAULT '0',
  PRIMARY KEY (`id`),
  UNIQUE KEY `uk_ai_chat_session_sid` (`session_id`,`is_deleted`),
  KEY `idx_ai_chat_session_user` (`user_id`)
) ENGINE=InnoDB DEFAULT CHARSET=utf8mb4 COLLATE=utf8mb4_0900_ai_ci COMMENT='AI дјҡиҜқ';
/*!40101 SET character_set_client = @saved_cs_client */;

--
-- Table structure for table `ai_mcp_server`
--

DROP TABLE IF EXISTS `ai_mcp_server`;
/*!40101 SET @saved_cs_client     = @@character_set_client */;
/*!50503 SET character_set_client = utf8mb4 */;
CREATE TABLE `ai_mcp_server` (
  `id` varchar(32) NOT NULL COMMENT 'дё»й”®',
  `name` varchar(64) NOT NULL COMMENT 'жңҚеҠЎеҗҚз§°',
  `transport` varchar(32) NOT NULL COMMENT 'дј иҫ“зұ»еһӢпјҡstdio/sse/streamable-http',
  `command` varchar(255) DEFAULT NULL COMMENT 'stdio еҗҜеҠЁе‘Ҫд»Ө',
  `url` varchar(512) DEFAULT NULL COMMENT 'иҝңзЁӢ MCP жңҚеҠЎең°еқҖ',
  `args_json` text COMMENT 'stdio е‘Ҫд»ӨеҸӮж•° JSON ж•°з»„',
  `headers_json` text COMMENT 'иҝңзЁӢиҝһжҺҘиҜ·жұӮеӨҙ JSON еҜ№иұЎ',
  `enabled` tinyint(1) NOT NULL DEFAULT '1' COMMENT 'жҳҜеҗҰеҗҜз”Ё',
  `keep_alive` tinyint(1) NOT NULL DEFAULT '0' COMMENT 'SSE иҝһжҺҘдҝқжҙ»ејҖе…і',
  `keep_alive_interval` int DEFAULT '30' COMMENT 'дҝқжҙ»й—ҙйҡ”(з§’)',
  `keep_alive_job_id` varchar(36) DEFAULT NULL COMMENT 'е…іиҒ” sys_job дё»й”®',
  `remark` varchar(255) DEFAULT NULL COMMENT 'еӨҮжіЁ',
  `created_by` varchar(64) DEFAULT NULL,
  `created_id` varchar(32) DEFAULT NULL,
  `created_at` datetime DEFAULT NULL,
  `updated_by` varchar(64) DEFAULT NULL,
  `updated_id` varchar(32) DEFAULT NULL,
  `updated_at` datetime DEFAULT NULL,
  `is_deleted` tinyint(1) NOT NULL DEFAULT '0',
  PRIMARY KEY (`id`),
  UNIQUE KEY `uk_ai_mcp_name` (`name`,`is_deleted`),
  KEY `idx_ai_mcp_enabled` (`enabled`)
) ENGINE=InnoDB DEFAULT CHARSET=utf8mb4 COLLATE=utf8mb4_0900_ai_ci COMMENT='AI MCP жңҚеҠЎй…ҚзҪ®';
/*!40101 SET character_set_client = @saved_cs_client */;

--
-- Table structure for table `ai_model_config`
--

DROP TABLE IF EXISTS `ai_model_config`;
/*!40101 SET @saved_cs_client     = @@character_set_client */;
/*!50503 SET character_set_client = utf8mb4 */;
CREATE TABLE `ai_model_config` (
  `id` varchar(32) NOT NULL COMMENT 'дё»й”®',
  `name` varchar(64) NOT NULL COMMENT 'й…ҚзҪ®еҗҚз§°',
  `provider` varchar(32) NOT NULL COMMENT 'жЁЎеһӢжҸҗдҫӣж–№пјҡanthropic/openai/openai-compatible',
  `model` varchar(128) NOT NULL COMMENT 'жЁЎеһӢеҗҚз§°',
  `base_url` varchar(255) DEFAULT NULL COMMENT 'OpenAI е…је®№жҺҘеҸЈең°еқҖ',
  `api_key` varchar(512) DEFAULT NULL COMMENT 'API Key',
  `enabled` tinyint(1) NOT NULL DEFAULT '1' COMMENT 'жҳҜеҗҰеҗҜз”Ё',
  `active` tinyint(1) NOT NULL DEFAULT '0' COMMENT 'жҳҜеҗҰеҪ“еүҚжЁЎеһӢ',
  `temperature` decimal(4,2) DEFAULT NULL COMMENT 'йҮҮж ·жё©еәҰ',
  `max_tokens` int DEFAULT NULL COMMENT 'жңҖеӨ§иҫ“еҮә token',
  `remark` varchar(255) DEFAULT NULL COMMENT 'еӨҮжіЁ',
  `last_latency_ms` bigint DEFAULT NULL COMMENT 'дёҠж¬ЎжөӢиҜ•е»¶ж—¶(ms)',
  `last_test_ok` tinyint(1) DEFAULT NULL COMMENT 'дёҠж¬ЎжөӢиҜ•жҳҜеҗҰжҲҗеҠҹ',
  `last_tested_at` datetime DEFAULT NULL COMMENT 'дёҠж¬ЎжөӢиҜ•ж—¶й—ҙ',
  `created_by` varchar(64) DEFAULT NULL,
  `created_id` varchar(32) DEFAULT NULL,
  `created_at` datetime DEFAULT NULL,
  `updated_by` varchar(64) DEFAULT NULL,
  `updated_id` varchar(32) DEFAULT NULL,
  `updated_at` datetime DEFAULT NULL,
  `is_deleted` tinyint(1) NOT NULL DEFAULT '0',
  PRIMARY KEY (`id`),
  UNIQUE KEY `uk_ai_model_name` (`name`,`is_deleted`),
  KEY `idx_ai_model_active` (`active`),
  KEY `idx_ai_model_enabled` (`enabled`)
) ENGINE=InnoDB DEFAULT CHARSET=utf8mb4 COLLATE=utf8mb4_0900_ai_ci COMMENT='AI жЁЎеһӢй…ҚзҪ®';
/*!40101 SET character_set_client = @saved_cs_client */;

--
-- Table structure for table `ai_tool_call_log`
--

DROP TABLE IF EXISTS `ai_tool_call_log`;
/*!40101 SET @saved_cs_client     = @@character_set_client */;
/*!50503 SET character_set_client = utf8mb4 */;
CREATE TABLE `ai_tool_call_log` (
  `id` varchar(36) NOT NULL COMMENT 'дё»й”®',
  `session_id` varchar(100) DEFAULT NULL COMMENT 'еҜ№иҜқдјҡиҜқдёҡеҠЎ ID',
  `operator_id` varchar(100) DEFAULT NULL COMMENT 'ж“ҚдҪңдәәз”ЁжҲ· ID',
  `tool_name` varchar(64) NOT NULL COMMENT 'е·Ҙе…·зј–з Ғ/еҗҚз§°',
  `source` varchar(20) NOT NULL DEFAULT 'builtin' COMMENT 'е·Ҙе…·жқҘжәҗпјҡbuiltin / mcp',
  `arguments_json` text COMMENT 'и°ғз”Ёе…ҘеҸӮ JSON',
  `result_json` text COMMENT 'жү§иЎҢз»“жһңпјҲжҲӘж–ӯиҮі 4000 еӯ—з¬Ұпјү',
  `success` tinyint(1) NOT NULL DEFAULT '1' COMMENT 'жҳҜеҗҰжҲҗеҠҹ',
  `error_msg` varchar(500) DEFAULT NULL COMMENT 'еӨұиҙҘй”ҷиҜҜдҝЎжҒҜ',
  `cost_ms` bigint DEFAULT NULL COMMENT 'жү§иЎҢиҖ—ж—¶(ms)',
  `created_by` varchar(100) DEFAULT NULL,
  `created_id` varchar(100) DEFAULT NULL,
  `created_at` datetime DEFAULT NULL,
  `updated_by` varchar(100) DEFAULT NULL,
  `updated_id` varchar(100) DEFAULT NULL,
  `updated_at` datetime DEFAULT NULL,
  `is_deleted` tinyint(1) NOT NULL DEFAULT '0',
  PRIMARY KEY (`id`),
  KEY `idx_session_id` (`session_id`),
  KEY `idx_operator_id` (`operator_id`),
  KEY `idx_tool_name` (`tool_name`)
) ENGINE=InnoDB DEFAULT CHARSET=utf8mb4 COLLATE=utf8mb4_0900_ai_ci COMMENT='AI е·Ҙе…·и°ғз”Ёе®Ўи®Ўж—Ҙеҝ—';
/*!40101 SET character_set_client = @saved_cs_client */;

--
-- Table structure for table `ai_tool_config`
--

DROP TABLE IF EXISTS `ai_tool_config`;
/*!40101 SET @saved_cs_client     = @@character_set_client */;
/*!50503 SET character_set_client = utf8mb4 */;
CREATE TABLE `ai_tool_config` (
  `id` varchar(32) NOT NULL COMMENT 'дё»й”®',
  `name` varchar(64) NOT NULL COMMENT 'еұ•зӨәеҗҚз§°',
  `tool_code` varchar(64) NOT NULL COMMENT 'е·Ҙе…·зј–з ҒпјҢжҡҙйңІз»ҷжЁЎеһӢзҡ„ tool name',
  `type` varchar(16) NOT NULL COMMENT 'е·Ҙе…·зұ»еһӢпјҡsql/http',
  `description` varchar(512) NOT NULL COMMENT 'е·Ҙе…·иҜҙжҳҺпјҢдҫӣжЁЎеһӢеҲӨж–ӯи°ғз”Ёж—¶жңә',
  `enabled` tinyint(1) NOT NULL DEFAULT '1' COMMENT 'жҳҜеҗҰеҗҜз”Ё',
  `system_builtin` tinyint(1) NOT NULL DEFAULT '0' COMMENT 'жҳҜеҗҰзі»з»ҹеҶ…зҪ®е·Ҙе…·',
  `permission_code` varchar(64) DEFAULT NULL COMMENT 'и°ғз”ЁжүҖйңҖжқғйҷҗз ҒпјҢз©әиЎЁзӨәзҷ»еҪ•з”ЁжҲ·еқҮеҸҜи°ғз”Ё',
  `method` varchar(16) DEFAULT NULL COMMENT 'HTTP ж–№жі•',
  `url` varchar(512) DEFAULT NULL COMMENT 'HTTP ең°еқҖжЁЎжқҝпјҢж”ҜжҢҒ {{param}} еҚ дҪҚ',
  `headers_json` text COMMENT 'HTTP иҜ·жұӮеӨҙ JSON еҜ№иұЎ',
  `body_template` text COMMENT 'HTTP иҜ·жұӮдҪ“жЁЎжқҝ',
  `sql_text` text COMMENT 'SQL жЁЎжқҝпјҢдҪҝз”Ё :param е‘ҪеҗҚеҸӮж•°',
  `read_only` tinyint(1) DEFAULT '1' COMMENT 'SQL жҳҜеҗҰеҸӘиҜ»',
  `timeout_ms` int DEFAULT '10000' COMMENT 'и°ғз”Ёи¶…ж—¶ж—¶й—ҙ(ms)',
  `remark` varchar(255) DEFAULT NULL COMMENT 'еӨҮжіЁ',
  `created_by` varchar(64) DEFAULT NULL,
  `created_id` varchar(32) DEFAULT NULL,
  `created_at` datetime DEFAULT NULL,
  `updated_by` varchar(64) DEFAULT NULL,
  `updated_id` varchar(32) DEFAULT NULL,
  `updated_at` datetime DEFAULT NULL,
  `is_deleted` tinyint(1) NOT NULL DEFAULT '0',
  PRIMARY KEY (`id`),
  UNIQUE KEY `uk_ai_tool_code` (`tool_code`,`is_deleted`),
  KEY `idx_ai_tool_enabled` (`enabled`)
) ENGINE=InnoDB DEFAULT CHARSET=utf8mb4 COLLATE=utf8mb4_0900_ai_ci COMMENT='AI е·Ҙе…·й…ҚзҪ®';
/*!40101 SET character_set_client = @saved_cs_client */;

--
-- Table structure for table `QRTZ_BLOB_TRIGGERS`
--

DROP TABLE IF EXISTS `QRTZ_BLOB_TRIGGERS`;
/*!40101 SET @saved_cs_client     = @@character_set_client */;
/*!50503 SET character_set_client = utf8mb4 */;
CREATE TABLE `QRTZ_BLOB_TRIGGERS` (
  `SCHED_NAME` varchar(120) NOT NULL,
  `TRIGGER_NAME` varchar(190) NOT NULL,
  `TRIGGER_GROUP` varchar(190) NOT NULL,
  `BLOB_DATA` blob,
  PRIMARY KEY (`SCHED_NAME`,`TRIGGER_NAME`,`TRIGGER_GROUP`),
  KEY `SCHED_NAME` (`SCHED_NAME`,`TRIGGER_NAME`,`TRIGGER_GROUP`),
  CONSTRAINT `QRTZ_BLOB_TRIGGERS_ibfk_1` FOREIGN KEY (`SCHED_NAME`, `TRIGGER_NAME`, `TRIGGER_GROUP`) REFERENCES `QRTZ_TRIGGERS` (`SCHED_NAME`, `TRIGGER_NAME`, `TRIGGER_GROUP`)
) ENGINE=InnoDB DEFAULT CHARSET=utf8mb4 COLLATE=utf8mb4_0900_ai_ci;
/*!40101 SET character_set_client = @saved_cs_client */;

--
-- Table structure for table `QRTZ_CALENDARS`
--

DROP TABLE IF EXISTS `QRTZ_CALENDARS`;
/*!40101 SET @saved_cs_client     = @@character_set_client */;
/*!50503 SET character_set_client = utf8mb4 */;
CREATE TABLE `QRTZ_CALENDARS` (
  `SCHED_NAME` varchar(120) NOT NULL,
  `CALENDAR_NAME` varchar(190) NOT NULL,
  `CALENDAR` blob NOT NULL,
  PRIMARY KEY (`SCHED_NAME`,`CALENDAR_NAME`)
) ENGINE=InnoDB DEFAULT CHARSET=utf8mb4 COLLATE=utf8mb4_0900_ai_ci;
/*!40101 SET character_set_client = @saved_cs_client */;

--
-- Table structure for table `QRTZ_CRON_TRIGGERS`
--

DROP TABLE IF EXISTS `QRTZ_CRON_TRIGGERS`;
/*!40101 SET @saved_cs_client     = @@character_set_client */;
/*!50503 SET character_set_client = utf8mb4 */;
CREATE TABLE `QRTZ_CRON_TRIGGERS` (
  `SCHED_NAME` varchar(120) NOT NULL,
  `TRIGGER_NAME` varchar(190) NOT NULL,
  `TRIGGER_GROUP` varchar(190) NOT NULL,
  `CRON_EXPRESSION` varchar(120) NOT NULL,
  `TIME_ZONE_ID` varchar(80) DEFAULT NULL,
  PRIMARY KEY (`SCHED_NAME`,`TRIGGER_NAME`,`TRIGGER_GROUP`),
  CONSTRAINT `QRTZ_CRON_TRIGGERS_ibfk_1` FOREIGN KEY (`SCHED_NAME`, `TRIGGER_NAME`, `TRIGGER_GROUP`) REFERENCES `QRTZ_TRIGGERS` (`SCHED_NAME`, `TRIGGER_NAME`, `TRIGGER_GROUP`)
) ENGINE=InnoDB DEFAULT CHARSET=utf8mb4 COLLATE=utf8mb4_0900_ai_ci;
/*!40101 SET character_set_client = @saved_cs_client */;

--
-- Table structure for table `QRTZ_FIRED_TRIGGERS`
--

DROP TABLE IF EXISTS `QRTZ_FIRED_TRIGGERS`;
/*!40101 SET @saved_cs_client     = @@character_set_client */;
/*!50503 SET character_set_client = utf8mb4 */;
CREATE TABLE `QRTZ_FIRED_TRIGGERS` (
  `SCHED_NAME` varchar(120) NOT NULL,
  `ENTRY_ID` varchar(95) NOT NULL,
  `TRIGGER_NAME` varchar(190) NOT NULL,
  `TRIGGER_GROUP` varchar(190) NOT NULL,
  `INSTANCE_NAME` varchar(190) NOT NULL,
  `FIRED_TIME` bigint NOT NULL,
  `SCHED_TIME` bigint NOT NULL,
  `PRIORITY` int NOT NULL,
  `STATE` varchar(16) NOT NULL,
  `JOB_NAME` varchar(190) DEFAULT NULL,
  `JOB_GROUP` varchar(190) DEFAULT NULL,
  `IS_NONCONCURRENT` varchar(1) DEFAULT NULL,
  `REQUESTS_RECOVERY` varchar(1) DEFAULT NULL,
  PRIMARY KEY (`SCHED_NAME`,`ENTRY_ID`)
) ENGINE=InnoDB DEFAULT CHARSET=utf8mb4 COLLATE=utf8mb4_0900_ai_ci;
/*!40101 SET character_set_client = @saved_cs_client */;

--
-- Table structure for table `QRTZ_JOB_DETAILS`
--

DROP TABLE IF EXISTS `QRTZ_JOB_DETAILS`;
/*!40101 SET @saved_cs_client     = @@character_set_client */;
/*!50503 SET character_set_client = utf8mb4 */;
CREATE TABLE `QRTZ_JOB_DETAILS` (
  `SCHED_NAME` varchar(120) NOT NULL,
  `JOB_NAME` varchar(190) NOT NULL,
  `JOB_GROUP` varchar(190) NOT NULL,
  `DESCRIPTION` varchar(250) DEFAULT NULL,
  `JOB_CLASS_NAME` varchar(250) NOT NULL,
  `IS_DURABLE` varchar(1) NOT NULL,
  `IS_NONCONCURRENT` varchar(1) NOT NULL,
  `IS_UPDATE_DATA` varchar(1) NOT NULL,
  `REQUESTS_RECOVERY` varchar(1) NOT NULL,
  `JOB_DATA` blob,
  PRIMARY KEY (`SCHED_NAME`,`JOB_NAME`,`JOB_GROUP`)
) ENGINE=InnoDB DEFAULT CHARSET=utf8mb4 COLLATE=utf8mb4_0900_ai_ci;
/*!40101 SET character_set_client = @saved_cs_client */;

--
-- Table structure for table `QRTZ_LOCKS`
--

DROP TABLE IF EXISTS `QRTZ_LOCKS`;
/*!40101 SET @saved_cs_client     = @@character_set_client */;
/*!50503 SET character_set_client = utf8mb4 */;
CREATE TABLE `QRTZ_LOCKS` (
  `SCHED_NAME` varchar(120) NOT NULL,
  `LOCK_NAME` varchar(40) NOT NULL,
  PRIMARY KEY (`SCHED_NAME`,`LOCK_NAME`)
) ENGINE=InnoDB DEFAULT CHARSET=utf8mb4 COLLATE=utf8mb4_0900_ai_ci;
/*!40101 SET character_set_client = @saved_cs_client */;

--
-- Table structure for table `QRTZ_PAUSED_TRIGGER_GRPS`
--

DROP TABLE IF EXISTS `QRTZ_PAUSED_TRIGGER_GRPS`;
/*!40101 SET @saved_cs_client     = @@character_set_client */;
/*!50503 SET character_set_client = utf8mb4 */;
CREATE TABLE `QRTZ_PAUSED_TRIGGER_GRPS` (
  `SCHED_NAME` varchar(120) NOT NULL,
  `TRIGGER_GROUP` varchar(190) NOT NULL,
  PRIMARY KEY (`SCHED_NAME`,`TRIGGER_GROUP`)
) ENGINE=InnoDB DEFAULT CHARSET=utf8mb4 COLLATE=utf8mb4_0900_ai_ci;
/*!40101 SET character_set_client = @saved_cs_client */;

--
-- Table structure for table `QRTZ_SCHEDULER_STATE`
--

DROP TABLE IF EXISTS `QRTZ_SCHEDULER_STATE`;
/*!40101 SET @saved_cs_client     = @@character_set_client */;
/*!50503 SET character_set_client = utf8mb4 */;
CREATE TABLE `QRTZ_SCHEDULER_STATE` (
  `SCHED_NAME` varchar(120) NOT NULL,
  `INSTANCE_NAME` varchar(190) NOT NULL,
  `LAST_CHECKIN_TIME` bigint NOT NULL,
  `CHECKIN_INTERVAL` bigint NOT NULL,
  PRIMARY KEY (`SCHED_NAME`,`INSTANCE_NAME`)
) ENGINE=InnoDB DEFAULT CHARSET=utf8mb4 COLLATE=utf8mb4_0900_ai_ci;
/*!40101 SET character_set_client = @saved_cs_client */;

--
-- Table structure for table `QRTZ_SIMPLE_TRIGGERS`
--

DROP TABLE IF EXISTS `QRTZ_SIMPLE_TRIGGERS`;
/*!40101 SET @saved_cs_client     = @@character_set_client */;
/*!50503 SET character_set_client = utf8mb4 */;
CREATE TABLE `QRTZ_SIMPLE_TRIGGERS` (
  `SCHED_NAME` varchar(120) NOT NULL,
  `TRIGGER_NAME` varchar(190) NOT NULL,
  `TRIGGER_GROUP` varchar(190) NOT NULL,
  `REPEAT_COUNT` bigint NOT NULL,
  `REPEAT_INTERVAL` bigint NOT NULL,
  `TIMES_TRIGGERED` bigint NOT NULL,
  PRIMARY KEY (`SCHED_NAME`,`TRIGGER_NAME`,`TRIGGER_GROUP`),
  CONSTRAINT `QRTZ_SIMPLE_TRIGGERS_ibfk_1` FOREIGN KEY (`SCHED_NAME`, `TRIGGER_NAME`, `TRIGGER_GROUP`) REFERENCES `QRTZ_TRIGGERS` (`SCHED_NAME`, `TRIGGER_NAME`, `TRIGGER_GROUP`)
) ENGINE=InnoDB DEFAULT CHARSET=utf8mb4 COLLATE=utf8mb4_0900_ai_ci;
/*!40101 SET character_set_client = @saved_cs_client */;

--
-- Table structure for table `QRTZ_SIMPROP_TRIGGERS`
--

DROP TABLE IF EXISTS `QRTZ_SIMPROP_TRIGGERS`;
/*!40101 SET @saved_cs_client     = @@character_set_client */;
/*!50503 SET character_set_client = utf8mb4 */;
CREATE TABLE `QRTZ_SIMPROP_TRIGGERS` (
  `SCHED_NAME` varchar(120) NOT NULL,
  `TRIGGER_NAME` varchar(190) NOT NULL,
  `TRIGGER_GROUP` varchar(190) NOT NULL,
  `STR_PROP_1` varchar(512) DEFAULT NULL,
  `STR_PROP_2` varchar(512) DEFAULT NULL,
  `STR_PROP_3` varchar(512) DEFAULT NULL,
  `INT_PROP_1` int DEFAULT NULL,
  `INT_PROP_2` int DEFAULT NULL,
  `LONG_PROP_1` bigint DEFAULT NULL,
  `LONG_PROP_2` bigint DEFAULT NULL,
  `DEC_PROP_1` decimal(13,4) DEFAULT NULL,
  `DEC_PROP_2` decimal(13,4) DEFAULT NULL,
  `BOOL_PROP_1` varchar(1) DEFAULT NULL,
  `BOOL_PROP_2` varchar(1) DEFAULT NULL,
  PRIMARY KEY (`SCHED_NAME`,`TRIGGER_NAME`,`TRIGGER_GROUP`),
  CONSTRAINT `QRTZ_SIMPROP_TRIGGERS_ibfk_1` FOREIGN KEY (`SCHED_NAME`, `TRIGGER_NAME`, `TRIGGER_GROUP`) REFERENCES `QRTZ_TRIGGERS` (`SCHED_NAME`, `TRIGGER_NAME`, `TRIGGER_GROUP`)
) ENGINE=InnoDB DEFAULT CHARSET=utf8mb4 COLLATE=utf8mb4_0900_ai_ci;
/*!40101 SET character_set_client = @saved_cs_client */;

--
-- Table structure for table `QRTZ_TRIGGERS`
--

DROP TABLE IF EXISTS `QRTZ_TRIGGERS`;
/*!40101 SET @saved_cs_client     = @@character_set_client */;
/*!50503 SET character_set_client = utf8mb4 */;
CREATE TABLE `QRTZ_TRIGGERS` (
  `SCHED_NAME` varchar(120) NOT NULL,
  `TRIGGER_NAME` varchar(190) NOT NULL,
  `TRIGGER_GROUP` varchar(190) NOT NULL,
  `JOB_NAME` varchar(190) NOT NULL,
  `JOB_GROUP` varchar(190) NOT NULL,
  `DESCRIPTION` varchar(250) DEFAULT NULL,
  `NEXT_FIRE_TIME` bigint DEFAULT NULL,
  `PREV_FIRE_TIME` bigint DEFAULT NULL,
  `PRIORITY` int DEFAULT NULL,
  `TRIGGER_STATE` varchar(16) NOT NULL,
  `TRIGGER_TYPE` varchar(8) NOT NULL,
  `START_TIME` bigint NOT NULL,
  `END_TIME` bigint DEFAULT NULL,
  `CALENDAR_NAME` varchar(190) DEFAULT NULL,
  `MISFIRE_INSTR` smallint DEFAULT NULL,
  `JOB_DATA` blob,
  PRIMARY KEY (`SCHED_NAME`,`TRIGGER_NAME`,`TRIGGER_GROUP`),
  KEY `SCHED_NAME` (`SCHED_NAME`,`JOB_NAME`,`JOB_GROUP`),
  CONSTRAINT `QRTZ_TRIGGERS_ibfk_1` FOREIGN KEY (`SCHED_NAME`, `JOB_NAME`, `JOB_GROUP`) REFERENCES `QRTZ_JOB_DETAILS` (`SCHED_NAME`, `JOB_NAME`, `JOB_GROUP`)
) ENGINE=InnoDB DEFAULT CHARSET=utf8mb4 COLLATE=utf8mb4_0900_ai_ci;
/*!40101 SET character_set_client = @saved_cs_client */;

--
-- Table structure for table `sys_config`
--

DROP TABLE IF EXISTS `sys_config`;
/*!40101 SET @saved_cs_client     = @@character_set_client */;
/*!50503 SET character_set_client = utf8mb4 */;
CREATE TABLE `sys_config` (
  `id` varchar(32) NOT NULL COMMENT 'дё»й”®',
  `config_name` varchar(128) NOT NULL COMMENT 'еҸӮж•°еҗҚз§°',
  `config_key` varchar(128) NOT NULL COMMENT 'еҸӮж•°й”®еҗҚ',
  `config_value` varchar(1024) DEFAULT NULL COMMENT 'еҸӮж•°й”®еҖј',
  `config_type` tinyint(1) DEFAULT '0' COMMENT 'жҳҜеҗҰзі»з»ҹеҶ…зҪ®пјҡ1жҳҜ 0еҗҰ',
  `remark` varchar(255) DEFAULT NULL COMMENT 'еӨҮжіЁ',
  `created_by` varchar(64) DEFAULT NULL,
  `created_id` varchar(32) DEFAULT NULL,
  `created_at` datetime DEFAULT NULL,
  `updated_by` varchar(64) DEFAULT NULL,
  `updated_id` varchar(32) DEFAULT NULL,
  `updated_at` datetime DEFAULT NULL,
  `is_deleted` tinyint(1) NOT NULL DEFAULT '0',
  PRIMARY KEY (`id`),
  UNIQUE KEY `uk_config_key` (`config_key`,`is_deleted`)
) ENGINE=InnoDB DEFAULT CHARSET=utf8mb4 COLLATE=utf8mb4_0900_ai_ci COMMENT='зі»з»ҹеҸӮж•°';
/*!40101 SET character_set_client = @saved_cs_client */;

--
-- Table structure for table `sys_dept`
--

DROP TABLE IF EXISTS `sys_dept`;
/*!40101 SET @saved_cs_client     = @@character_set_client */;
/*!50503 SET character_set_client = utf8mb4 */;
CREATE TABLE `sys_dept` (
  `id` varchar(27) CHARACTER SET utf8mb4 COLLATE utf8mb4_unicode_ci NOT NULL COMMENT 'дё»й”®IDпјҲKSUIDпјү',
  `name` varchar(20) CHARACTER SET utf8mb4 COLLATE utf8mb4_unicode_ci NOT NULL COMMENT 'йғЁй—ЁеҗҚз§°',
  `pid` varchar(27) CHARACTER SET utf8mb4 COLLATE utf8mb4_unicode_ci DEFAULT NULL COMMENT 'дёҠзә§йғЁй—ЁID',
  `status` tinyint(1) NOT NULL DEFAULT '1' COMMENT 'зҠ¶жҖҒпјҡ1-еҗҜз”ЁпјҢ0-зҰҒз”Ё',
  `remark` varchar(50) CHARACTER SET utf8mb4 COLLATE utf8mb4_unicode_ci DEFAULT NULL COMMENT 'еӨҮжіЁ',
  `is_enabled` tinyint(1) NOT NULL DEFAULT '0' COMMENT 'жҳҜеҗҰеҗҜз”Ё',
  `created_by` varchar(27) CHARACTER SET utf8mb4 COLLATE utf8mb4_unicode_ci DEFAULT NULL COMMENT 'еҲӣе»әдәәID',
  `created_at` timestamp(6) NOT NULL DEFAULT CURRENT_TIMESTAMP(6) COMMENT 'еҲӣе»әж—¶й—ҙ',
  `updated_by` varchar(27) CHARACTER SET utf8mb4 COLLATE utf8mb4_unicode_ci DEFAULT NULL COMMENT 'жӣҙж–°дәәID',
  `updated_at` timestamp(6) NOT NULL DEFAULT CURRENT_TIMESTAMP(6) ON UPDATE CURRENT_TIMESTAMP(6) COMMENT 'жӣҙж–°ж—¶й—ҙ',
  `is_deleted` tinyint(1) NOT NULL DEFAULT '0' COMMENT 'йҖ»иҫ‘еҲ йҷӨж Үи®°пјҡfalseжңӘеҲ йҷӨпјҢtrueе·ІеҲ йҷӨ',
  `created_id` varchar(27) CHARACTER SET utf8mb4 COLLATE utf8mb4_unicode_ci DEFAULT NULL COMMENT 'еҲӣе»әдәәID',
  `updated_id` varchar(27) CHARACTER SET utf8mb4 COLLATE utf8mb4_unicode_ci DEFAULT NULL COMMENT 'жӣҙж–°дәәID',
  PRIMARY KEY (`id`),
  KEY `idx_pid` (`pid`),
  KEY `idx_status` (`status`),
  KEY `idx_is_enabled` (`is_enabled`),
  KEY `idx_is_deleted` (`is_deleted`),
  KEY `idx_created_at` (`created_at`)
) ENGINE=InnoDB DEFAULT CHARSET=utf8mb4 COLLATE=utf8mb4_unicode_ci COMMENT='зі»з»ҹ-йғЁй—ЁиЎЁ';
/*!40101 SET character_set_client = @saved_cs_client */;

--
-- Table structure for table `sys_dict_data`
--

DROP TABLE IF EXISTS `sys_dict_data`;
/*!40101 SET @saved_cs_client     = @@character_set_client */;
/*!50503 SET character_set_client = utf8mb4 */;
CREATE TABLE `sys_dict_data` (
  `id` varchar(32) NOT NULL COMMENT 'дё»й”®',
  `dict_type` varchar(128) NOT NULL COMMENT 'еӯ—е…ёзұ»еһӢ',
  `dict_label` varchar(128) NOT NULL COMMENT 'еӯ—е…ёж Үзӯҫ',
  `dict_value` varchar(128) NOT NULL COMMENT 'еӯ—е…ёй”®еҖј',
  `dict_sort` int DEFAULT '0' COMMENT 'жҺ’еәҸ',
  `css_class` varchar(64) DEFAULT NULL COMMENT 'ж ·ејҸеұһжҖ§пјҲйўңиүІзӯүпјү',
  `list_class` varchar(64) DEFAULT NULL COMMENT 'иЎЁж јеӣһжҳҫж ·ејҸпјҲеҰӮ success/dangerпјү',
  `is_default` tinyint(1) DEFAULT '0' COMMENT 'жҳҜеҗҰй»ҳи®Өпјҡ1жҳҜ 0еҗҰ',
  `status` tinyint(1) DEFAULT '1' COMMENT 'зҠ¶жҖҒпјҡ1еҗҜз”Ё 0зҰҒз”Ё',
  `remark` varchar(255) DEFAULT NULL COMMENT 'еӨҮжіЁ',
  `created_by` varchar(64) DEFAULT NULL,
  `created_id` varchar(32) DEFAULT NULL,
  `created_at` datetime DEFAULT NULL,
  `updated_by` varchar(64) DEFAULT NULL,
  `updated_id` varchar(32) DEFAULT NULL,
  `updated_at` datetime DEFAULT NULL,
  `is_deleted` tinyint(1) NOT NULL DEFAULT '0',
  PRIMARY KEY (`id`),
  KEY `idx_dict_type` (`dict_type`)
) ENGINE=InnoDB DEFAULT CHARSET=utf8mb4 COLLATE=utf8mb4_0900_ai_ci COMMENT='еӯ—е…ёж•°жҚ®';
/*!40101 SET character_set_client = @saved_cs_client */;

--
-- Table structure for table `sys_dict_type`
--

DROP TABLE IF EXISTS `sys_dict_type`;
/*!40101 SET @saved_cs_client     = @@character_set_client */;
/*!50503 SET character_set_client = utf8mb4 */;
CREATE TABLE `sys_dict_type` (
  `id` varchar(32) NOT NULL COMMENT 'дё»й”®',
  `dict_name` varchar(128) NOT NULL COMMENT 'еӯ—е…ёеҗҚз§°',
  `dict_type` varchar(128) NOT NULL COMMENT 'еӯ—е…ёзұ»еһӢпјҲзј–з Ғпјү',
  `status` tinyint(1) DEFAULT '1' COMMENT 'зҠ¶жҖҒпјҡ1еҗҜз”Ё 0зҰҒз”Ё',
  `remark` varchar(255) DEFAULT NULL COMMENT 'еӨҮжіЁ',
  `created_by` varchar(64) DEFAULT NULL,
  `created_id` varchar(32) DEFAULT NULL,
  `created_at` datetime DEFAULT NULL,
  `updated_by` varchar(64) DEFAULT NULL,
  `updated_id` varchar(32) DEFAULT NULL,
  `updated_at` datetime DEFAULT NULL,
  `is_deleted` tinyint(1) NOT NULL DEFAULT '0',
  PRIMARY KEY (`id`),
  UNIQUE KEY `uk_dict_type` (`dict_type`,`is_deleted`)
) ENGINE=InnoDB DEFAULT CHARSET=utf8mb4 COLLATE=utf8mb4_0900_ai_ci COMMENT='еӯ—е…ёзұ»еһӢ';
/*!40101 SET character_set_client = @saved_cs_client */;

--
-- Table structure for table `sys_file`
--

DROP TABLE IF EXISTS `sys_file`;
/*!40101 SET @saved_cs_client     = @@character_set_client */;
/*!50503 SET character_set_client = utf8mb4 */;
CREATE TABLE `sys_file` (
  `id` varchar(32) NOT NULL COMMENT 'дё»й”®',
  `original_name` varchar(255) NOT NULL COMMENT 'еҺҹе§Ӣж–Үд»¶еҗҚ',
  `storage_key` varchar(512) NOT NULL COMMENT 'еӯҳеӮЁзӣёеҜ№и·Ҝеҫ„/objectKey',
  `url` varchar(1024) NOT NULL COMMENT 'дёҠдј ж—¶з®—еҘҪзҡ„е®Ңж•ҙи®ҝй—®ең°еқҖ',
  `size` bigint NOT NULL COMMENT 'ж–Үд»¶еӯ—иҠӮж•°',
  `content_type` varchar(128) DEFAULT NULL,
  `ext` varchar(16) DEFAULT NULL,
  `hash` varchar(64) DEFAULT NULL COMMENT 'sha256',
  `storage_type` varchar(16) NOT NULL COMMENT 'дёҠдј ж—¶дҪҝз”Ёзҡ„еӯҳеӮЁзұ»еһӢ',
  `config_id` varchar(32) NOT NULL COMMENT 'дёҠдј ж—¶дҪҝз”Ёзҡ„й…ҚзҪ® id',
  `biz_type` varchar(64) DEFAULT NULL COMMENT 'дёҡеҠЎзұ»еһӢ',
  `biz_id` varchar(64) DEFAULT NULL COMMENT 'дёҡеҠЎ id',
  `created_by` varchar(64) DEFAULT NULL,
  `created_id` varchar(32) DEFAULT NULL,
  `created_at` datetime DEFAULT NULL,
  `updated_by` varchar(64) DEFAULT NULL,
  `updated_id` varchar(32) DEFAULT NULL,
  `updated_at` datetime DEFAULT NULL,
  `is_deleted` tinyint(1) NOT NULL DEFAULT '0',
  PRIMARY KEY (`id`),
  KEY `idx_file_biz` (`biz_type`,`biz_id`),
  KEY `idx_file_hash` (`hash`),
  KEY `idx_file_config` (`config_id`)
) ENGINE=InnoDB DEFAULT CHARSET=utf8mb4 COLLATE=utf8mb4_0900_ai_ci COMMENT='ж–Үд»¶и®°еҪ•';
/*!40101 SET character_set_client = @saved_cs_client */;

--
-- Table structure for table `sys_file_config`
--

DROP TABLE IF EXISTS `sys_file_config`;
/*!40101 SET @saved_cs_client     = @@character_set_client */;
/*!50503 SET character_set_client = utf8mb4 */;
CREATE TABLE `sys_file_config` (
  `id` varchar(32) NOT NULL COMMENT 'дё»й”®',
  `name` varchar(64) NOT NULL COMMENT 'й…ҚзҪ®еҗҚ',
  `type` varchar(16) NOT NULL COMMENT 'LOCAL/OSS/S3/FTP/SFTP',
  `config` json NOT NULL COMMENT 'зұ»еһӢзӣёе…іеҸӮж•°',
  `url_prefix` varchar(255) NOT NULL COMMENT 'и®ҝй—®ең°еқҖеүҚзјҖпјҲеҰӮ https://files.example.comпјү',
  `is_active` tinyint(1) NOT NULL DEFAULT '0' COMMENT 'жҳҜеҗҰжҝҖжҙ»пјҢе…ЁиЎЁиҮіеӨҡ 1 иЎҢдёә 1',
  `remark` varchar(255) DEFAULT NULL COMMENT 'еӨҮжіЁ',
  `created_by` varchar(64) DEFAULT NULL,
  `created_id` varchar(32) DEFAULT NULL,
  `created_at` datetime DEFAULT NULL,
  `updated_by` varchar(64) DEFAULT NULL,
  `updated_id` varchar(32) DEFAULT NULL,
  `updated_at` datetime DEFAULT NULL,
  `is_deleted` tinyint(1) NOT NULL DEFAULT '0',
  PRIMARY KEY (`id`),
  UNIQUE KEY `uk_file_config_name` (`name`,`is_deleted`)
) ENGINE=InnoDB DEFAULT CHARSET=utf8mb4 COLLATE=utf8mb4_0900_ai_ci COMMENT='ж–Үд»¶еӯҳеӮЁй…ҚзҪ®';
/*!40101 SET character_set_client = @saved_cs_client */;

--
-- Table structure for table `sys_job`
--

DROP TABLE IF EXISTS `sys_job`;
/*!40101 SET @saved_cs_client     = @@character_set_client */;
/*!50503 SET character_set_client = utf8mb4 */;
CREATE TABLE `sys_job` (
  `id` varchar(32) NOT NULL,
  `job_name` varchar(64) NOT NULL COMMENT 'д»»еҠЎеҗҚз§°',
  `job_group` varchar(64) DEFAULT 'DEFAULT' COMMENT 'д»»еҠЎеҲҶз»„',
  `bean_name` varchar(128) NOT NULL COMMENT 'и°ғз”Ёзҡ„ Spring Bean еҗҚ',
  `method_name` varchar(64) DEFAULT 'execute' COMMENT 'и°ғз”Ёж–№жі•еҗҚпјҲж— еҸӮжҲ–еҚ• Stringпјү',
  `method_params` varchar(512) DEFAULT NULL COMMENT 'ж–№жі•еҸӮж•°пјҲJSON ж•°з»„жҲ–еӯ—з¬ҰдёІпјү',
  `cron_expression` varchar(64) NOT NULL COMMENT 'Cron иЎЁиҫҫејҸ',
  `misfire_policy` tinyint(1) DEFAULT '1' COMMENT 'й”ҷиҝҮзӯ–з•Ҙ: 1з«ӢеҚіжү§иЎҢ 2еҝҪз•Ҙ 3и§ҰеҸ‘дёҖж¬Ў',
  `concurrent` tinyint(1) DEFAULT '0' COMMENT 'жҳҜеҗҰе…Ғи®ёе№¶еҸ‘: 1жҳҜ 0еҗҰ',
  `status` tinyint(1) DEFAULT '0' COMMENT 'зҠ¶жҖҒ: 1жӯЈеёё 0жҡӮеҒң',
  `remark` varchar(255) DEFAULT NULL,
  `created_by` varchar(64) DEFAULT NULL,
  `created_id` varchar(32) DEFAULT NULL,
  `created_at` datetime DEFAULT NULL,
  `updated_by` varchar(64) DEFAULT NULL,
  `updated_id` varchar(32) DEFAULT NULL,
  `updated_at` datetime DEFAULT NULL,
  `is_deleted` tinyint(1) NOT NULL DEFAULT '0',
  PRIMARY KEY (`id`),
  UNIQUE KEY `uk_job_name` (`job_name`,`job_group`,`is_deleted`)
) ENGINE=InnoDB DEFAULT CHARSET=utf8mb4 COLLATE=utf8mb4_0900_ai_ci COMMENT='е®ҡж—¶д»»еҠЎ';
/*!40101 SET character_set_client = @saved_cs_client */;

--
-- Table structure for table `sys_job_log`
--

DROP TABLE IF EXISTS `sys_job_log`;
/*!40101 SET @saved_cs_client     = @@character_set_client */;
/*!50503 SET character_set_client = utf8mb4 */;
CREATE TABLE `sys_job_log` (
  `id` varchar(32) NOT NULL,
  `job_id` varchar(32) NOT NULL COMMENT 'д»»еҠЎID',
  `job_name` varchar(64) NOT NULL,
  `job_group` varchar(64) DEFAULT NULL,
  `bean_name` varchar(128) DEFAULT NULL,
  `method_name` varchar(64) DEFAULT NULL,
  `method_params` varchar(512) DEFAULT NULL,
  `status` tinyint(1) DEFAULT '1' COMMENT '1жҲҗеҠҹ 0еӨұиҙҘ',
  `cost_time` bigint DEFAULT NULL COMMENT 'иҖ—ж—¶(ms)',
  `error_msg` text,
  `created_at` datetime DEFAULT NULL,
  PRIMARY KEY (`id`),
  KEY `idx_job` (`job_id`),
  KEY `idx_created` (`created_at`)
) ENGINE=InnoDB DEFAULT CHARSET=utf8mb4 COLLATE=utf8mb4_0900_ai_ci COMMENT='е®ҡж—¶д»»еҠЎжү§иЎҢж—Ҙеҝ—';
/*!40101 SET character_set_client = @saved_cs_client */;

--
-- Table structure for table `sys_login_log`
--

DROP TABLE IF EXISTS `sys_login_log`;
/*!40101 SET @saved_cs_client     = @@character_set_client */;
/*!50503 SET character_set_client = utf8mb4 */;
CREATE TABLE `sys_login_log` (
  `id` varchar(32) NOT NULL COMMENT 'дё»й”®',
  `user_id` varchar(32) DEFAULT NULL COMMENT 'з”ЁжҲ·ID',
  `username` varchar(64) DEFAULT NULL COMMENT 'з”ЁжҲ·еҗҚ',
  `ip` varchar(64) DEFAULT NULL COMMENT 'IP',
  `location` varchar(128) DEFAULT NULL COMMENT 'ең°зӮ№',
  `browser` varchar(64) DEFAULT NULL COMMENT 'жөҸи§ҲеҷЁ',
  `os` varchar(64) DEFAULT NULL COMMENT 'ж“ҚдҪңзі»з»ҹ',
  `device` varchar(64) DEFAULT NULL COMMENT 'и®ҫеӨҮзұ»еһӢ',
  `status` tinyint(1) DEFAULT '1' COMMENT 'зҠ¶жҖҒпјҡ1жҲҗеҠҹ 0еӨұиҙҘ',
  `msg` varchar(255) DEFAULT NULL COMMENT 'жҸҸиҝ°/еӨұиҙҘеҺҹеӣ ',
  `type` varchar(16) DEFAULT 'LOGIN' COMMENT 'LOGIN/LOGOUT',
  `created_at` datetime DEFAULT NULL,
  PRIMARY KEY (`id`),
  KEY `idx_user` (`user_id`),
  KEY `idx_created` (`created_at`)
) ENGINE=InnoDB DEFAULT CHARSET=utf8mb4 COLLATE=utf8mb4_0900_ai_ci COMMENT='зҷ»еҪ•ж—Ҙеҝ—';
/*!40101 SET character_set_client = @saved_cs_client */;

--
-- Table structure for table `sys_menu`
--

DROP TABLE IF EXISTS `sys_menu`;
/*!40101 SET @saved_cs_client     = @@character_set_client */;
/*!50503 SET character_set_client = utf8mb4 */;
CREATE TABLE `sys_menu` (
  `id` varchar(27) CHARACTER SET utf8mb4 COLLATE utf8mb4_unicode_ci NOT NULL COMMENT 'дё»й”®IDпјҲKSUIDпјү',
  `pid` varchar(27) CHARACTER SET utf8mb4 COLLATE utf8mb4_unicode_ci DEFAULT NULL COMMENT 'зҲ¶иҸңеҚ•IDпјҢйЎ¶зә§иҸңеҚ•дёәNULL',
  `name` varchar(100) CHARACTER SET utf8mb4 COLLATE utf8mb4_unicode_ci NOT NULL COMMENT 'иҸңеҚ•/жҢүй’®еҗҚз§°',
  `code` varchar(100) CHARACTER SET utf8mb4 COLLATE utf8mb4_unicode_ci DEFAULT NULL COMMENT 'иҸңеҚ•/жҢүй’®зј–з ҒпјҢз”ЁдәҺжқғйҷҗжҺ§еҲ¶',
  `type` tinyint NOT NULL COMMENT 'иҸңеҚ•зұ»еһӢпјҡ1=menu, 2=catalog, 3=button, 4=embedded, 5=link',
  `status` tinyint NOT NULL DEFAULT '1' COMMENT 'зҠ¶жҖҒпјҡ1еҗҜз”ЁпјҢ0зҰҒз”Ё',
  `path` varchar(255) CHARACTER SET utf8mb4 COLLATE utf8mb4_unicode_ci DEFAULT NULL COMMENT 'еүҚз«Ҝи·Ҝз”ұи·Ҝеҫ„',
  `active_path` varchar(255) CHARACTER SET utf8mb4 COLLATE utf8mb4_unicode_ci DEFAULT NULL COMMENT 'жҝҖжҙ»и·Ҝеҫ„',
  `component` varchar(255) CHARACTER SET utf8mb4 COLLATE utf8mb4_unicode_ci DEFAULT NULL COMMENT 'еүҚз«Ҝз»„д»¶и·Ҝеҫ„',
  `icon` varchar(50) CHARACTER SET utf8mb4 COLLATE utf8mb4_unicode_ci DEFAULT NULL COMMENT 'иҸңеҚ•/жҢүй’®еӣҫж Ү',
  `meta_active_icon` varchar(50) CHARACTER SET utf8mb4 COLLATE utf8mb4_unicode_ci DEFAULT NULL COMMENT 'жҝҖжҙ»зҠ¶жҖҒеӣҫж Ү',
  `meta_title` varchar(100) CHARACTER SET utf8mb4 COLLATE utf8mb4_unicode_ci DEFAULT NULL COMMENT 'еүҚз«ҜжҳҫзӨәж ҮйўҳпјҢеҸҜз”ЁдәҺеӣҪйҷ…еҢ–',
  `meta_order` int DEFAULT '0' COMMENT 'иҸңеҚ•жҺ’еәҸпјҢж•°еҖји¶Ҡе°Ҹи¶Ҡйқ еүҚ',
  `meta_affix_tab` tinyint(1) DEFAULT '0' COMMENT 'жҳҜеҗҰеӣәе®ҡж ҮзӯҫйЎө',
  `meta_keep_alive` tinyint(1) DEFAULT '0' COMMENT 'жҳҜеҗҰдҝқжҢҒз»„д»¶жҙ»и·ғзҠ¶жҖҒ',
  `meta_hide_in_menu` tinyint(1) DEFAULT '0' COMMENT 'жҳҜеҗҰеңЁиҸңеҚ•дёӯйҡҗи—Ҹ',
  `meta_hide_children_in_menu` tinyint(1) DEFAULT '0' COMMENT 'жҳҜеҗҰйҡҗи—ҸеӯҗиҸңеҚ•',
  `meta_hide_in_breadcrumb` tinyint(1) DEFAULT '0' COMMENT 'жҳҜеҗҰеңЁйқўеҢ…еұ‘дёӯйҡҗи—Ҹ',
  `meta_hide_in_tab` tinyint(1) DEFAULT '0' COMMENT 'жҳҜеҗҰеңЁж ҮзӯҫйЎөдёӯйҡҗи—Ҹ',
  `meta_badge` varchar(50) CHARACTER SET utf8mb4 COLLATE utf8mb4_unicode_ci DEFAULT NULL COMMENT 'еҫҪж ҮжҳҫзӨәеҶ…е®№',
  `meta_badge_type` varchar(20) CHARACTER SET utf8mb4 COLLATE utf8mb4_unicode_ci DEFAULT NULL COMMENT 'еҫҪж Үзұ»еһӢпјҢеҰӮ normal/dot',
  `meta_badge_variants` varchar(50) CHARACTER SET utf8mb4 COLLATE utf8mb4_unicode_ci DEFAULT NULL COMMENT 'еҫҪж ҮйўңиүІжҲ–ж ·ејҸ',
  `meta_iframe_src` varchar(255) CHARACTER SET utf8mb4 COLLATE utf8mb4_unicode_ci DEFAULT NULL COMMENT 'еҶ…еөҢ IFrame й“ҫжҺҘ',
  `meta_link` varchar(255) CHARACTER SET utf8mb4 COLLATE utf8mb4_unicode_ci DEFAULT NULL COMMENT 'еӨ–йғЁй“ҫжҺҘең°еқҖ',
  `remark` varchar(500) CHARACTER SET utf8mb4 COLLATE utf8mb4_unicode_ci DEFAULT NULL COMMENT 'еӨҮжіЁ',
  `created_by` varchar(50) CHARACTER SET utf8mb4 COLLATE utf8mb4_unicode_ci DEFAULT NULL COMMENT 'еҲӣе»әдәәеҗҚеӯ—',
  `created_at` timestamp(6) NOT NULL DEFAULT CURRENT_TIMESTAMP(6) COMMENT 'еҲӣе»әж—¶й—ҙ',
  `updated_by` varchar(50) CHARACTER SET utf8mb4 COLLATE utf8mb4_unicode_ci DEFAULT NULL COMMENT 'жӣҙж–°дәәеҗҚеӯ—',
  `updated_at` timestamp(6) NULL DEFAULT CURRENT_TIMESTAMP(6) ON UPDATE CURRENT_TIMESTAMP(6) COMMENT 'жӣҙж–°ж—¶й—ҙ',
  `created_id` varchar(27) CHARACTER SET utf8mb4 COLLATE utf8mb4_unicode_ci DEFAULT NULL COMMENT 'еҲӣе»әдәәID',
  `updated_id` varchar(27) CHARACTER SET utf8mb4 COLLATE utf8mb4_unicode_ci DEFAULT NULL COMMENT 'жӣҙж–°дәәID',
  `is_deleted` tinyint(1) NOT NULL DEFAULT '0' COMMENT 'йҖ»иҫ‘еҲ йҷӨж Үи®°пјҡfalse=жңӘеҲ йҷӨпјҢtrue=е·ІеҲ йҷӨ',
  PRIMARY KEY (`id`),
  KEY `idx_sys_menu_pid` (`pid`),
  KEY `idx_sys_menu_type` (`type`),
  KEY `idx_sys_menu_status` (`status`)
) ENGINE=InnoDB DEFAULT CHARSET=utf8mb4 COLLATE=utf8mb4_unicode_ci COMMENT='зі»з»ҹиҸңеҚ•иЎЁпјҲж”ҜжҢҒеӨҡзә§иҸңеҚ•е’ҢжҢүй’®жқғйҷҗпјү';
/*!40101 SET character_set_client = @saved_cs_client */;

--
-- Table structure for table `sys_operation_log`
--

DROP TABLE IF EXISTS `sys_operation_log`;
/*!40101 SET @saved_cs_client     = @@character_set_client */;
/*!50503 SET character_set_client = utf8mb4 */;
CREATE TABLE `sys_operation_log` (
  `id` varchar(32) NOT NULL COMMENT 'дё»й”®',
  `title` varchar(128) DEFAULT NULL COMMENT 'ж“ҚдҪңжЁЎеқ—/ж Үйўҳ',
  `business_type` varchar(32) DEFAULT NULL COMMENT 'дёҡеҠЎзұ»еһӢпјҡCREATE/UPDATE/DELETE/QUERY/IMPORT/EXPORT/OTHER',
  `method` varchar(255) DEFAULT NULL COMMENT 'ж–№жі•еҗҚ ClassName.methodName',
  `request_method` varchar(16) DEFAULT NULL COMMENT 'HTTP иҜ·жұӮж–№ејҸ',
  `operator_type` varchar(16) DEFAULT NULL COMMENT 'ж“ҚдҪңзұ»еҲ« ADMIN/USER',
  `user_id` varchar(32) DEFAULT NULL COMMENT 'з”ЁжҲ·ID',
  `username` varchar(64) DEFAULT NULL COMMENT 'з”ЁжҲ·еҗҚ',
  `url` varchar(500) DEFAULT NULL COMMENT 'иҜ·жұӮURL',
  `ip` varchar(64) DEFAULT NULL COMMENT 'ж“ҚдҪң IP',
  `location` varchar(128) DEFAULT NULL COMMENT 'ж“ҚдҪңең°зӮ№',
  `request_params` text COMMENT 'иҜ·жұӮеҸӮж•° JSON',
  `response_result` text COMMENT 'е“Қеә”з»“жһң JSON',
  `status` tinyint(1) DEFAULT '1' COMMENT 'зҠ¶жҖҒпјҡ1жҲҗеҠҹ 0еӨұиҙҘ',
  `error_msg` text COMMENT 'й”ҷиҜҜж¶ҲжҒҜ',
  `cost_time` bigint DEFAULT NULL COMMENT 'иҖ—ж—¶(ms)',
  `created_at` datetime DEFAULT NULL,
  PRIMARY KEY (`id`),
  KEY `idx_user` (`user_id`),
  KEY `idx_created` (`created_at`),
  KEY `idx_business` (`business_type`)
) ENGINE=InnoDB DEFAULT CHARSET=utf8mb4 COLLATE=utf8mb4_0900_ai_ci COMMENT='ж“ҚдҪңж—Ҙеҝ—';
/*!40101 SET character_set_client = @saved_cs_client */;

--
-- Table structure for table `sys_role`
--

DROP TABLE IF EXISTS `sys_role`;
/*!40101 SET @saved_cs_client     = @@character_set_client */;
/*!50503 SET character_set_client = utf8mb4 */;
CREATE TABLE `sys_role` (
  `id` varchar(27) CHARACTER SET utf8mb4 COLLATE utf8mb4_unicode_ci NOT NULL COMMENT 'дё»й”®IDпјҲKSUIDпјү',
  `name` varchar(100) CHARACTER SET utf8mb4 COLLATE utf8mb4_unicode_ci NOT NULL COMMENT 'и§’иүІеҗҚеӯ—',
  `code` varchar(50) CHARACTER SET utf8mb4 COLLATE utf8mb4_unicode_ci NOT NULL COMMENT 'и§’иүІзј–з Ғ',
  `remark` varchar(500) CHARACTER SET utf8mb4 COLLATE utf8mb4_unicode_ci DEFAULT NULL COMMENT 'и§’иүІеӨҮжіЁ',
  `is_enabled` tinyint(1) NOT NULL DEFAULT '0' COMMENT 'жҳҜеҗҰеҗҜз”Ё',
  `created_by` varchar(27) CHARACTER SET utf8mb4 COLLATE utf8mb4_unicode_ci DEFAULT NULL COMMENT 'еҲӣе»әдәәID',
  `created_at` timestamp(6) NOT NULL DEFAULT CURRENT_TIMESTAMP(6) COMMENT 'еҲӣе»әж—¶й—ҙ',
  `updated_by` varchar(27) CHARACTER SET utf8mb4 COLLATE utf8mb4_unicode_ci DEFAULT NULL COMMENT 'жӣҙж–°дәәID',
  `updated_at` timestamp(6) NOT NULL DEFAULT CURRENT_TIMESTAMP(6) ON UPDATE CURRENT_TIMESTAMP(6) COMMENT 'жӣҙж–°ж—¶й—ҙ',
  `is_deleted` tinyint(1) NOT NULL DEFAULT '0' COMMENT 'йҖ»иҫ‘еҲ йҷӨж Үи®°пјҡfalseжңӘеҲ йҷӨпјҢtrueе·ІеҲ йҷӨ',
  `created_id` varchar(27) CHARACTER SET utf8mb4 COLLATE utf8mb4_unicode_ci DEFAULT NULL COMMENT 'еҲӣе»әдәәID',
  `updated_id` varchar(27) CHARACTER SET utf8mb4 COLLATE utf8mb4_unicode_ci DEFAULT NULL COMMENT 'жӣҙж–°дәәID',
  `data_scope` tinyint NOT NULL DEFAULT '1' COMMENT 'ж•°жҚ®иҢғеӣҙпјҡ1-е…ЁйғЁпјҢ2-жң¬йғЁй—ЁеҸҠеӯҗйғЁй—ЁпјҢ3-жң¬йғЁй—ЁпјҢ4-иҮӘе®ҡд№үпјҢ5-д»…жң¬дәә',
  PRIMARY KEY (`id`),
  UNIQUE KEY `uk_role_code` (`code`) COMMENT 'и§’иүІзј–з Ғе”ҜдёҖ'
) ENGINE=InnoDB DEFAULT CHARSET=utf8mb4 COLLATE=utf8mb4_unicode_ci COMMENT='зі»з»ҹи§’иүІиЎЁ';
/*!40101 SET character_set_client = @saved_cs_client */;

--
-- Table structure for table `sys_role_dept`
--

DROP TABLE IF EXISTS `sys_role_dept`;
/*!40101 SET @saved_cs_client     = @@character_set_client */;
/*!50503 SET character_set_client = utf8mb4 */;
CREATE TABLE `sys_role_dept` (
  `role_id` varchar(27) CHARACTER SET utf8mb4 COLLATE utf8mb4_unicode_ci NOT NULL COMMENT 'и§’иүІIDпјҲKSUIDпјү',
  `dept_id` varchar(27) CHARACTER SET utf8mb4 COLLATE utf8mb4_unicode_ci NOT NULL COMMENT 'йғЁй—ЁIDпјҲKSUIDпјү',
  PRIMARY KEY (`role_id`,`dept_id`),
  KEY `idx_role_dept_role` (`role_id`),
  KEY `idx_role_dept_dept` (`dept_id`)
) ENGINE=InnoDB DEFAULT CHARSET=utf8mb4 COLLATE=utf8mb4_unicode_ci COMMENT='и§’иүІ-йғЁй—Ёе…іиҒ”иЎЁпјҲиҮӘе®ҡд№үж•°жҚ®иҢғеӣҙпјү';
/*!40101 SET character_set_client = @saved_cs_client */;

--
-- Table structure for table `sys_roles_menus`
--

DROP TABLE IF EXISTS `sys_roles_menus`;
/*!40101 SET @saved_cs_client     = @@character_set_client */;
/*!50503 SET character_set_client = utf8mb4 */;
CREATE TABLE `sys_roles_menus` (
  `role_id` varchar(27) CHARACTER SET utf8mb4 COLLATE utf8mb4_unicode_ci NOT NULL COMMENT 'и§’иүІIDпјҲKSUIDпјү',
  `menu_id` varchar(27) CHARACTER SET utf8mb4 COLLATE utf8mb4_unicode_ci NOT NULL COMMENT 'иҸңеҚ•IDпјҲKSUIDпјү',
  PRIMARY KEY (`role_id`,`menu_id`),
  KEY `idx_roles_menus_role` (`role_id`),
  KEY `idx_roles_menus_menu` (`menu_id`),
  CONSTRAINT `sys_roles_menus_ibfk_1` FOREIGN KEY (`menu_id`) REFERENCES `sys_menu` (`id`) ON DELETE CASCADE,
  CONSTRAINT `sys_roles_menus_ibfk_2` FOREIGN KEY (`role_id`) REFERENCES `sys_role` (`id`) ON DELETE CASCADE
) ENGINE=InnoDB DEFAULT CHARSET=utf8mb4 COLLATE=utf8mb4_unicode_ci COMMENT='и§’иүІиҸңеҚ•е…іиҒ”иЎЁ';
/*!40101 SET character_set_client = @saved_cs_client */;

--
-- Table structure for table `sys_user`
--

DROP TABLE IF EXISTS `sys_user`;
/*!40101 SET @saved_cs_client     = @@character_set_client */;
/*!50503 SET character_set_client = utf8mb4 */;
CREATE TABLE `sys_user` (
  `id` varchar(27) CHARACTER SET utf8mb4 COLLATE utf8mb4_unicode_ci NOT NULL COMMENT 'дё»й”®IDпјҲKSUIDпјү',
  `dept_id` varchar(27) CHARACTER SET utf8mb4 COLLATE utf8mb4_unicode_ci DEFAULT NULL COMMENT 'йғЁй—ЁID',
  `username` varchar(50) CHARACTER SET utf8mb4 COLLATE utf8mb4_unicode_ci NOT NULL COMMENT 'з”ЁжҲ·еҗҚ',
  `password` varchar(255) CHARACTER SET utf8mb4 COLLATE utf8mb4_unicode_ci NOT NULL COMMENT 'еҜҶз ҒпјҲеҠ еҜҶеӯҳеӮЁпјү',
  `email` varchar(100) CHARACTER SET utf8mb4 COLLATE utf8mb4_unicode_ci DEFAULT NULL COMMENT 'йӮ®з®ұ',
  `phone` varchar(20) CHARACTER SET utf8mb4 COLLATE utf8mb4_unicode_ci DEFAULT NULL COMMENT 'жүӢжңәеҸ·',
  `nickname` varchar(50) CHARACTER SET utf8mb4 COLLATE utf8mb4_unicode_ci DEFAULT NULL COMMENT 'жҳөз§°',
  `avatar` varchar(512) CHARACTER SET utf8mb4 COLLATE utf8mb4_unicode_ci DEFAULT NULL COMMENT 'еӨҙеғҸURL',
  `status` tinyint NOT NULL DEFAULT '0' COMMENT 'зҠ¶жҖҒпјҡ0жӯЈеёёпјҢ1еҶ»з»“пјҢ2й”Ғе®ҡ',
  `sex` tinyint NOT NULL DEFAULT '0' COMMENT 'жҖ§еҲ«пјҡ1з”·пјҢ2еҘіпјҢ0жңӘзҹҘ',
  `login_ip` varchar(45) CHARACTER SET utf8mb4 COLLATE utf8mb4_unicode_ci DEFAULT NULL COMMENT 'жңҖеҗҺзҷ»еҪ•IPпјҲж”ҜжҢҒIPv6пјү',
  `login_city` varchar(50) CHARACTER SET utf8mb4 COLLATE utf8mb4_unicode_ci DEFAULT NULL COMMENT 'жңҖеҗҺзҷ»еҪ•еҹҺеёӮ',
  `login_time` timestamp(6) NULL DEFAULT NULL COMMENT 'жңҖеҗҺзҷ»еҪ•ж—¶й—ҙ',
  `created_by` varchar(27) CHARACTER SET utf8mb4 COLLATE utf8mb4_unicode_ci DEFAULT NULL COMMENT 'еҲӣе»әдәәID',
  `created_at` timestamp(6) NOT NULL DEFAULT CURRENT_TIMESTAMP(6) COMMENT 'еҲӣе»әж—¶й—ҙ',
  `updated_by` varchar(27) CHARACTER SET utf8mb4 COLLATE utf8mb4_unicode_ci DEFAULT NULL COMMENT 'жӣҙж–°дәәID',
  `updated_at` timestamp(6) NOT NULL DEFAULT CURRENT_TIMESTAMP(6) ON UPDATE CURRENT_TIMESTAMP(6) COMMENT 'жӣҙж–°ж—¶й—ҙ',
  `is_deleted` tinyint(1) NOT NULL DEFAULT '0' COMMENT 'йҖ»иҫ‘еҲ йҷӨж Үи®°пјҡfalseжңӘеҲ йҷӨпјҢtrueе·ІеҲ йҷӨ',
  `created_id` varchar(27) CHARACTER SET utf8mb4 COLLATE utf8mb4_unicode_ci DEFAULT NULL COMMENT 'еҲӣе»әдәәID',
  `updated_id` varchar(27) CHARACTER SET utf8mb4 COLLATE utf8mb4_unicode_ci DEFAULT NULL COMMENT 'жӣҙж–°дәәID',
  PRIMARY KEY (`id`),
  UNIQUE KEY `uk_username` (`username`) COMMENT 'з”ЁжҲ·еҗҚе”ҜдёҖ',
  KEY `idx_user_status` (`status`),
  KEY `idx_user_phone` (`phone`),
  KEY `idx_user_email` (`email`)
) ENGINE=InnoDB DEFAULT CHARSET=utf8mb4 COLLATE=utf8mb4_unicode_ci COMMENT='зі»з»ҹз”ЁжҲ·иЎЁ';
/*!40101 SET character_set_client = @saved_cs_client */;

--
-- Table structure for table `sys_users_roles`
--

DROP TABLE IF EXISTS `sys_users_roles`;
/*!40101 SET @saved_cs_client     = @@character_set_client */;
/*!50503 SET character_set_client = utf8mb4 */;
CREATE TABLE `sys_users_roles` (
  `user_id` varchar(27) CHARACTER SET utf8mb4 COLLATE utf8mb4_unicode_ci NOT NULL COMMENT 'з”ЁжҲ·IDпјҲKSUIDпјү',
  `role_id` varchar(27) CHARACTER SET utf8mb4 COLLATE utf8mb4_unicode_ci NOT NULL COMMENT 'и§’иүІIDпјҲKSUIDпјү',
  PRIMARY KEY (`user_id`,`role_id`),
  KEY `idx_users_roles_user` (`user_id`),
  KEY `idx_users_roles_role` (`role_id`),
  CONSTRAINT `sys_users_roles_ibfk_1` FOREIGN KEY (`role_id`) REFERENCES `sys_role` (`id`) ON DELETE CASCADE,
  CONSTRAINT `sys_users_roles_ibfk_2` FOREIGN KEY (`user_id`) REFERENCES `sys_user` (`id`) ON DELETE CASCADE
) ENGINE=InnoDB DEFAULT CHARSET=utf8mb4 COLLATE=utf8mb4_unicode_ci COMMENT='з”ЁжҲ·и§’иүІе…іиҒ”иЎЁ';
/*!40101 SET character_set_client = @saved_cs_client */;

--
-- Dumping events for database 'fast_admin'
--

--
-- Dumping routines for database 'fast_admin'
--
/*!40103 SET TIME_ZONE=@OLD_TIME_ZONE */;

/*!40101 SET SQL_MODE=@OLD_SQL_MODE */;
/*!40014 SET FOREIGN_KEY_CHECKS=@OLD_FOREIGN_KEY_CHECKS */;
/*!40014 SET UNIQUE_CHECKS=@OLD_UNIQUE_CHECKS */;
/*!40101 SET CHARACTER_SET_CLIENT=@OLD_CHARACTER_SET_CLIENT */;
/*!40101 SET CHARACTER_SET_RESULTS=@OLD_CHARACTER_SET_RESULTS */;
/*!40101 SET COLLATION_CONNECTION=@OLD_COLLATION_CONNECTION */;
/*!40111 SET SQL_NOTES=@OLD_SQL_NOTES */;

-- Dump completed on 2026-06-26 14:54:17

--
-- Seed data for table `sys_config`
--

-- MySQL dump 10.13  Distrib 8.4.9, for macos26.4 (arm64)
--
-- Host: localhost    Database: fast_admin
-- ------------------------------------------------------
-- Server version	9.5.0

/*!40101 SET @OLD_CHARACTER_SET_CLIENT=@@CHARACTER_SET_CLIENT */;
/*!40101 SET @OLD_CHARACTER_SET_RESULTS=@@CHARACTER_SET_RESULTS */;
/*!40101 SET @OLD_COLLATION_CONNECTION=@@COLLATION_CONNECTION */;
/*!50503 SET NAMES utf8mb4 */;
/*!40103 SET @OLD_TIME_ZONE=@@TIME_ZONE */;
/*!40103 SET TIME_ZONE='+00:00' */;
/*!40014 SET @OLD_UNIQUE_CHECKS=@@UNIQUE_CHECKS, UNIQUE_CHECKS=0 */;
/*!40014 SET @OLD_FOREIGN_KEY_CHECKS=@@FOREIGN_KEY_CHECKS, FOREIGN_KEY_CHECKS=0 */;
/*!40101 SET @OLD_SQL_MODE=@@SQL_MODE, SQL_MODE='NO_AUTO_VALUE_ON_ZERO' */;
/*!40111 SET @OLD_SQL_NOTES=@@SQL_NOTES, SQL_NOTES=0 */;

--
-- Dumping data for table `sys_config`
--
-- WHERE:  is_deleted = 0

LOCK TABLES `sys_config` WRITE;
/*!40000 ALTER TABLE `sys_config` DISABLE KEYS */;
INSERT INTO `sys_config` (`id`, `config_name`, `config_key`, `config_value`, `config_type`, `remark`, `created_by`, `created_id`, `created_at`, `updated_by`, `updated_id`, `updated_at`, `is_deleted`) VALUES ('ai_chat_history_window','AIеҜ№иҜқеҺҶеҸІзӘ—еҸЈ','ai.chat.history-window','20',1,'жҜҸиҪ®еҜ№иҜқжіЁе…ҘжҸҗзӨәиҜҚзҡ„еҺҶеҸІж¶ҲжҒҜжқЎж•°дёҠйҷҗпјҲ2~100пјүпјҢи¶ҠеӨ§дёҠдёӢж–Үи¶Ҡе®Ңж•ҙдҪҶжӣҙиҙ№ token','system',NULL,'2026-06-26 11:13:45','system',NULL,'2026-06-26 11:13:45',0),('ai_execute_sql_enabled','AIжү§иЎҢSQLе·Ҙе…·ејҖе…і','ai.execute-sql.enabled','true',1,'жҺ§еҲ¶еҶ…зҪ® execute_sql е·Ҙе…·жҳҜеҗҰжіЁеҶҢз»ҷжЁЎеһӢпјҢй»ҳи®Өе…ій—ӯпјҢејҖеҗҜеҗҺ AI еҸҜжү§иЎҢд»»ж„Ҹ SQL','system',NULL,'2026-06-25 20:03:19','Sirдё¶йӣЁиҪ©','35PaELKCOjq8YdhmuOtQWGPrBJh','2026-06-25 20:09:16',0),('ai_execute_sql_max_rows','AIжү§иЎҢSQLжңҖеӨ§иҝ”еӣһиЎҢж•°','ai.execute-sql.max-rows','100',1,'еҶ…зҪ® execute_sql е·Ҙе…·жҹҘиҜўиҜӯеҸҘеҚ•ж¬ЎжңҖеӨҡиҝ”еӣһиЎҢж•°пјҢд»Јз ҒеұӮжңҖеӨ§ 500','system',NULL,'2026-06-25 20:03:19','system',NULL,'2026-06-25 20:03:19',0),('ai_execute_sql_perm','AIжү§иЎҢSQLе·Ҙе…·жқғйҷҗз Ғ','ai.execute-sql.permission-code','ai:sql:execute',1,'и°ғз”ЁеҶ…зҪ® execute_sql е·Ҙе…·йңҖиҰҒзҡ„жқғйҷҗз ҒпјҢз•ҷз©әеҲҷдёҚж ЎйӘҢжқғйҷҗ','system',NULL,'2026-06-25 20:03:19','system',NULL,'2026-06-25 20:03:19',0),('ai_readonly_sql_enabled','AIеҸӘиҜ»SQLе·Ҙе…·ејҖе…і','ai.readonly-sql.enabled','true',1,'жҺ§еҲ¶еҶ…зҪ® execute_readonly_sql е·Ҙе…·жҳҜеҗҰжіЁеҶҢз»ҷжЁЎеһӢ','system',NULL,'2026-06-25 12:31:16','system',NULL,'2026-06-25 12:31:16',0),('ai_readonly_sql_max_rows','AIеҸӘиҜ»SQLжңҖеӨ§иҝ”еӣһиЎҢж•°','ai.readonly-sql.max-rows','100',1,'еҶ…зҪ® execute_readonly_sql е·Ҙе…·еҚ•ж¬ЎжңҖеӨҡиҝ”еӣһиЎҢж•°пјҢд»Јз ҒеұӮжңҖеӨ§ 100','system',NULL,'2026-06-25 12:31:16','system',NULL,'2026-06-25 12:31:16',0),('ai_readonly_sql_perm','AIеҸӘиҜ»SQLе·Ҙе…·жқғйҷҗз Ғ','ai.readonly-sql.permission-code','ai:sql:readonly',1,'и°ғз”ЁеҶ…зҪ® execute_readonly_sql е·Ҙе…·йңҖиҰҒзҡ„жқғйҷҗз Ғ0','system',NULL,'2026-06-25 12:31:16','Sirдё¶йӣЁиҪ©','35PaELKCOjq8YdhmuOtQWGPrBJh','2026-06-25 19:49:12',0),('ai_schema_tool_enabled','AIиЎЁз»“жһ„е·Ҙе…·ејҖе…і','ai.schema-tool.enabled','true',1,'жҺ§еҲ¶еҶ…зҪ® describe_schema е·Ҙе…·жҳҜеҗҰжіЁеҶҢз»ҷжЁЎеһӢпјҢй»ҳи®ӨејҖеҗҜ','system',NULL,'2026-06-26 11:13:45','system',NULL,'2026-06-26 11:13:45',0),('ai_schema_tool_perm','AIиЎЁз»“жһ„е·Ҙе…·жқғйҷҗз Ғ','ai.schema-tool.permission-code','ai:sql:readonly',1,'и°ғз”ЁеҶ…зҪ® describe_schema е·Ҙе…·йңҖиҰҒзҡ„жқғйҷҗз ҒпјҢз•ҷз©әеҲҷдёҚж ЎйӘҢ','system',NULL,'2026-06-26 11:13:45','system',NULL,'2026-06-26 11:13:45',0);
/*!40000 ALTER TABLE `sys_config` ENABLE KEYS */;
UNLOCK TABLES;
/*!40103 SET TIME_ZONE=@OLD_TIME_ZONE */;

/*!40101 SET SQL_MODE=@OLD_SQL_MODE */;
/*!40014 SET FOREIGN_KEY_CHECKS=@OLD_FOREIGN_KEY_CHECKS */;
/*!40014 SET UNIQUE_CHECKS=@OLD_UNIQUE_CHECKS */;
/*!40101 SET CHARACTER_SET_CLIENT=@OLD_CHARACTER_SET_CLIENT */;
/*!40101 SET CHARACTER_SET_RESULTS=@OLD_CHARACTER_SET_RESULTS */;
/*!40101 SET COLLATION_CONNECTION=@OLD_COLLATION_CONNECTION */;
/*!40111 SET SQL_NOTES=@OLD_SQL_NOTES */;

-- Dump completed on 2026-06-26 14:54:17

--
-- Seed data for table `sys_dept`
--

-- MySQL dump 10.13  Distrib 8.4.9, for macos26.4 (arm64)
--
-- Host: localhost    Database: fast_admin
-- ------------------------------------------------------
-- Server version	9.5.0

/*!40101 SET @OLD_CHARACTER_SET_CLIENT=@@CHARACTER_SET_CLIENT */;
/*!40101 SET @OLD_CHARACTER_SET_RESULTS=@@CHARACTER_SET_RESULTS */;
/*!40101 SET @OLD_COLLATION_CONNECTION=@@COLLATION_CONNECTION */;
/*!50503 SET NAMES utf8mb4 */;
/*!40103 SET @OLD_TIME_ZONE=@@TIME_ZONE */;
/*!40103 SET TIME_ZONE='+00:00' */;
/*!40014 SET @OLD_UNIQUE_CHECKS=@@UNIQUE_CHECKS, UNIQUE_CHECKS=0 */;
/*!40014 SET @OLD_FOREIGN_KEY_CHECKS=@@FOREIGN_KEY_CHECKS, FOREIGN_KEY_CHECKS=0 */;
/*!40101 SET @OLD_SQL_MODE=@@SQL_MODE, SQL_MODE='NO_AUTO_VALUE_ON_ZERO' */;
/*!40111 SET @OLD_SQL_NOTES=@@SQL_NOTES, SQL_NOTES=0 */;

--
-- Dumping data for table `sys_dept`
--
-- WHERE:  is_deleted = 0

LOCK TABLES `sys_dept` WRITE;
/*!40000 ALTER TABLE `sys_dept` DISABLE KEYS */;
INSERT INTO `sys_dept` (`id`, `name`, `pid`, `status`, `remark`, `is_enabled`, `created_by`, `created_at`, `updated_by`, `updated_at`, `is_deleted`, `created_id`, `updated_id`) VALUES ('35SYbLjJaBxhMOAl7LdELC3Zezi','йӣЁиҪ©з§‘жҠҖ',NULL,1,NULL,1,'Sirдё¶йӣЁиҪ©','2025-11-14 07:23:29.366000','Sirдё¶йӣЁиҪ©','2025-11-14 07:36:52.468000',0,'35PaELKCOjq8YdhmuOtQWGPrBJh','35PaELKCOjq8YdhmuOtQWGPrBJh'),('35SZAmUMGKqvpWTC2EQODUKm59T','з ”еҸ‘йғЁй—Ё','35SYbLjJaBxhMOAl7LdELC3Zezi',1,NULL,1,'Sirдё¶йӣЁиҪ©','2025-11-14 07:28:11.661000','Sirдё¶йӣЁиҪ©','2025-11-14 07:28:11.684000',0,'35PaELKCOjq8YdhmuOtQWGPrBJh','35PaELKCOjq8YdhmuOtQWGPrBJh'),('35SZBmqUlmbghCPu2cyeSgv8GCo','жөӢиҜ•йғЁй—Ё','35SYbLjJaBxhMOAl7LdELC3Zezi',1,NULL,1,'Sirдё¶йӣЁиҪ©','2025-11-14 07:28:19.009000','Sirдё¶йӣЁиҪ©','2025-11-14 07:28:19.012000',0,'35PaELKCOjq8YdhmuOtQWGPrBJh','35PaELKCOjq8YdhmuOtQWGPrBJh'),('35SZCuQonf4kzmioV1almTAYpY7','з ”еҸ‘дёҖйғЁ','35SZAmUMGKqvpWTC2EQODUKm59T',1,NULL,1,'Sirдё¶йӣЁиҪ©','2025-11-14 07:28:28.891000','Sirдё¶йӣЁиҪ©','2025-11-14 07:28:28.893000',0,'35PaELKCOjq8YdhmuOtQWGPrBJh','35PaELKCOjq8YdhmuOtQWGPrBJh');
/*!40000 ALTER TABLE `sys_dept` ENABLE KEYS */;
UNLOCK TABLES;
/*!40103 SET TIME_ZONE=@OLD_TIME_ZONE */;

/*!40101 SET SQL_MODE=@OLD_SQL_MODE */;
/*!40014 SET FOREIGN_KEY_CHECKS=@OLD_FOREIGN_KEY_CHECKS */;
/*!40014 SET UNIQUE_CHECKS=@OLD_UNIQUE_CHECKS */;
/*!40101 SET CHARACTER_SET_CLIENT=@OLD_CHARACTER_SET_CLIENT */;
/*!40101 SET CHARACTER_SET_RESULTS=@OLD_CHARACTER_SET_RESULTS */;
/*!40101 SET COLLATION_CONNECTION=@OLD_COLLATION_CONNECTION */;
/*!40111 SET SQL_NOTES=@OLD_SQL_NOTES */;

-- Dump completed on 2026-06-26 14:54:18

--
-- Seed data for table `sys_dict_type`
--

-- MySQL dump 10.13  Distrib 8.4.9, for macos26.4 (arm64)
--
-- Host: localhost    Database: fast_admin
-- ------------------------------------------------------
-- Server version	9.5.0

/*!40101 SET @OLD_CHARACTER_SET_CLIENT=@@CHARACTER_SET_CLIENT */;
/*!40101 SET @OLD_CHARACTER_SET_RESULTS=@@CHARACTER_SET_RESULTS */;
/*!40101 SET @OLD_COLLATION_CONNECTION=@@COLLATION_CONNECTION */;
/*!50503 SET NAMES utf8mb4 */;
/*!40103 SET @OLD_TIME_ZONE=@@TIME_ZONE */;
/*!40103 SET TIME_ZONE='+00:00' */;
/*!40014 SET @OLD_UNIQUE_CHECKS=@@UNIQUE_CHECKS, UNIQUE_CHECKS=0 */;
/*!40014 SET @OLD_FOREIGN_KEY_CHECKS=@@FOREIGN_KEY_CHECKS, FOREIGN_KEY_CHECKS=0 */;
/*!40101 SET @OLD_SQL_MODE=@@SQL_MODE, SQL_MODE='NO_AUTO_VALUE_ON_ZERO' */;
/*!40111 SET @OLD_SQL_NOTES=@@SQL_NOTES, SQL_NOTES=0 */;

--
-- Dumping data for table `sys_dict_type`
--
-- WHERE:  is_deleted = 0

LOCK TABLES `sys_dict_type` WRITE;
/*!40000 ALTER TABLE `sys_dict_type` DISABLE KEYS */;
/*!40000 ALTER TABLE `sys_dict_type` ENABLE KEYS */;
UNLOCK TABLES;
/*!40103 SET TIME_ZONE=@OLD_TIME_ZONE */;

/*!40101 SET SQL_MODE=@OLD_SQL_MODE */;
/*!40014 SET FOREIGN_KEY_CHECKS=@OLD_FOREIGN_KEY_CHECKS */;
/*!40014 SET UNIQUE_CHECKS=@OLD_UNIQUE_CHECKS */;
/*!40101 SET CHARACTER_SET_CLIENT=@OLD_CHARACTER_SET_CLIENT */;
/*!40101 SET CHARACTER_SET_RESULTS=@OLD_CHARACTER_SET_RESULTS */;
/*!40101 SET COLLATION_CONNECTION=@OLD_COLLATION_CONNECTION */;
/*!40111 SET SQL_NOTES=@OLD_SQL_NOTES */;

-- Dump completed on 2026-06-26 14:54:18

--
-- Seed data for table `sys_dict_data`
--

-- MySQL dump 10.13  Distrib 8.4.9, for macos26.4 (arm64)
--
-- Host: localhost    Database: fast_admin
-- ------------------------------------------------------
-- Server version	9.5.0

/*!40101 SET @OLD_CHARACTER_SET_CLIENT=@@CHARACTER_SET_CLIENT */;
/*!40101 SET @OLD_CHARACTER_SET_RESULTS=@@CHARACTER_SET_RESULTS */;
/*!40101 SET @OLD_COLLATION_CONNECTION=@@COLLATION_CONNECTION */;
/*!50503 SET NAMES utf8mb4 */;
/*!40103 SET @OLD_TIME_ZONE=@@TIME_ZONE */;
/*!40103 SET TIME_ZONE='+00:00' */;
/*!40014 SET @OLD_UNIQUE_CHECKS=@@UNIQUE_CHECKS, UNIQUE_CHECKS=0 */;
/*!40014 SET @OLD_FOREIGN_KEY_CHECKS=@@FOREIGN_KEY_CHECKS, FOREIGN_KEY_CHECKS=0 */;
/*!40101 SET @OLD_SQL_MODE=@@SQL_MODE, SQL_MODE='NO_AUTO_VALUE_ON_ZERO' */;
/*!40111 SET @OLD_SQL_NOTES=@@SQL_NOTES, SQL_NOTES=0 */;

--
-- Dumping data for table `sys_dict_data`
--
-- WHERE:  is_deleted = 0

LOCK TABLES `sys_dict_data` WRITE;
/*!40000 ALTER TABLE `sys_dict_data` DISABLE KEYS */;
/*!40000 ALTER TABLE `sys_dict_data` ENABLE KEYS */;
UNLOCK TABLES;
/*!40103 SET TIME_ZONE=@OLD_TIME_ZONE */;

/*!40101 SET SQL_MODE=@OLD_SQL_MODE */;
/*!40014 SET FOREIGN_KEY_CHECKS=@OLD_FOREIGN_KEY_CHECKS */;
/*!40014 SET UNIQUE_CHECKS=@OLD_UNIQUE_CHECKS */;
/*!40101 SET CHARACTER_SET_CLIENT=@OLD_CHARACTER_SET_CLIENT */;
/*!40101 SET CHARACTER_SET_RESULTS=@OLD_CHARACTER_SET_RESULTS */;
/*!40101 SET COLLATION_CONNECTION=@OLD_COLLATION_CONNECTION */;
/*!40111 SET SQL_NOTES=@OLD_SQL_NOTES */;

-- Dump completed on 2026-06-26 14:54:18

--
-- Seed data for table `sys_menu`
--

-- MySQL dump 10.13  Distrib 8.4.9, for macos26.4 (arm64)
--
-- Host: localhost    Database: fast_admin
-- ------------------------------------------------------
-- Server version	9.5.0

/*!40101 SET @OLD_CHARACTER_SET_CLIENT=@@CHARACTER_SET_CLIENT */;
/*!40101 SET @OLD_CHARACTER_SET_RESULTS=@@CHARACTER_SET_RESULTS */;
/*!40101 SET @OLD_COLLATION_CONNECTION=@@COLLATION_CONNECTION */;
/*!50503 SET NAMES utf8mb4 */;
/*!40103 SET @OLD_TIME_ZONE=@@TIME_ZONE */;
/*!40103 SET TIME_ZONE='+00:00' */;
/*!40014 SET @OLD_UNIQUE_CHECKS=@@UNIQUE_CHECKS, UNIQUE_CHECKS=0 */;
/*!40014 SET @OLD_FOREIGN_KEY_CHECKS=@@FOREIGN_KEY_CHECKS, FOREIGN_KEY_CHECKS=0 */;
/*!40101 SET @OLD_SQL_MODE=@@SQL_MODE, SQL_MODE='NO_AUTO_VALUE_ON_ZERO' */;
/*!40111 SET @OLD_SQL_NOTES=@@SQL_NOTES, SQL_NOTES=0 */;

--
-- Dumping data for table `sys_menu`
--
-- WHERE:  is_deleted = 0

LOCK TABLES `sys_menu` WRITE;
/*!40000 ALTER TABLE `sys_menu` DISABLE KEYS */;
INSERT INTO `sys_menu` (`id`, `pid`, `name`, `code`, `type`, `status`, `path`, `active_path`, `component`, `icon`, `meta_active_icon`, `meta_title`, `meta_order`, `meta_affix_tab`, `meta_keep_alive`, `meta_hide_in_menu`, `meta_hide_children_in_menu`, `meta_hide_in_breadcrumb`, `meta_hide_in_tab`, `meta_badge`, `meta_badge_type`, `meta_badge_variants`, `meta_iframe_src`, `meta_link`, `remark`, `created_by`, `created_at`, `updated_by`, `updated_at`, `created_id`, `updated_id`, `is_deleted`) VALUES ('03a5e92d0929456796f1e06651f','sys_job_menu','SysJobEdit','system:job:edit',3,1,NULL,NULL,NULL,NULL,NULL,'зј–иҫ‘',0,0,0,0,0,0,0,NULL,NULL,NULL,NULL,NULL,NULL,NULL,'2026-05-16 02:45:09.156892',NULL,'2026-05-27 04:50:23.376662',NULL,NULL,0),('1671612b50b414ae76ed2935del','35fcfg9ef55798c3ca9611a9c14','SysFileConfigDelete','system:file:config:delete',3,1,NULL,NULL,NULL,NULL,NULL,'еҲ йҷӨ',2,0,0,0,0,0,0,NULL,NULL,NULL,NULL,NULL,NULL,NULL,'2026-05-15 14:19:11.748346',NULL,'2026-05-15 14:19:11.748346',NULL,NULL,0),('1b3eb8846f65413384429bc181d','sys_config_menu','SysConfigDel','system:config:delete',3,1,NULL,NULL,NULL,NULL,NULL,'еҲ йҷӨ',0,0,0,0,0,0,0,NULL,NULL,NULL,NULL,NULL,NULL,NULL,'2026-05-16 02:07:00.431864',NULL,'2026-05-27 04:50:23.468608',NULL,NULL,0),('20dec697ac954fb79364a7d3f2d','sys_job_menu','SysJobDel','system:job:delete',3,1,NULL,NULL,NULL,NULL,NULL,'еҲ йҷӨ',0,0,0,0,0,0,0,NULL,NULL,NULL,NULL,NULL,NULL,NULL,'2026-05-16 02:45:09.156892',NULL,'2026-05-27 04:50:23.468608',NULL,NULL,0),('3122e315d4ecf6d5c2f0ed35add','35fcfg9ef55798c3ca9611a9c14','SysFileConfigAdd','system:file:config:add',3,1,NULL,NULL,NULL,NULL,NULL,'ж–°еўһ',0,0,0,0,0,0,0,NULL,NULL,NULL,NULL,NULL,NULL,NULL,'2026-05-15 14:19:11.748346',NULL,'2026-05-15 14:19:11.748346',NULL,NULL,0),('35akSVTGkD6d2WkjR0LUue4Rg1H','35PlZtb7CCmpEZ5XWwTZqEX7fMZ','SysUser','system:user:list',1,1,'/system/user',NULL,'/system/user/list','carbon:user',NULL,'з”ЁжҲ·з®ЎзҗҶ',0,0,0,0,0,0,0,NULL,NULL,NULL,NULL,NULL,NULL,'Sirдё¶йӣЁиҪ©','2025-11-17 04:59:29.579000','Sirдё¶йӣЁиҪ©','2025-11-17 04:59:29.580000','35PaELKCOjq8YdhmuOtQWGPrBJh','35PaELKCOjq8YdhmuOtQWGPrBJh',0),('35aN4sLcP2Gd9PDUhNqmImfscW0','35PlZtb7CCmpEZ5XWwTZqEX7fMZ','SysRole','system:role:list',1,1,'/system/role',NULL,'/system/role/list','carbon:user-military',NULL,'и§’иүІз®ЎзҗҶ',0,0,0,0,0,0,0,'','normal','warning',NULL,NULL,NULL,'зі»з»ҹз®ЎзҗҶе‘ҳ','2025-11-17 01:47:14.240000','зі»з»ҹз®ЎзҗҶе‘ҳ','2025-11-17 01:47:14.251000','35PaELKCOjq8YdhmuOtQWGPrBJh','35PaELKCOjq8YdhmuOtQWGPrBJh',0),('35aNAOJVk7dc8Cstw9k6xee1SnN','35aN4sLcP2Gd9PDUhNqmImfscW0','SysRoleAdd','system:role:add',3,1,'',NULL,NULL,NULL,NULL,'ж–°еўһ',0,0,0,0,0,0,0,NULL,NULL,NULL,NULL,NULL,NULL,'зі»з»ҹз®ЎзҗҶе‘ҳ','2025-11-17 01:47:58.986000','зі»з»ҹз®ЎзҗҶе‘ҳ','2025-11-17 01:47:58.989000','35PaELKCOjq8YdhmuOtQWGPrBJh','35PaELKCOjq8YdhmuOtQWGPrBJh',0),('35aNDFxbMYFIkujj27AXDTmSgH7','35aN4sLcP2Gd9PDUhNqmImfscW0','SysRoleEdit','system:role:edit',3,1,'',NULL,NULL,NULL,NULL,'зј–иҫ‘',0,0,0,0,0,0,0,NULL,NULL,NULL,NULL,NULL,NULL,'зі»з»ҹз®ЎзҗҶе‘ҳ','2025-11-17 01:48:20.231000','зі»з»ҹз®ЎзҗҶе‘ҳ','2025-11-17 01:48:20.233000','35PaELKCOjq8YdhmuOtQWGPrBJh','35PaELKCOjq8YdhmuOtQWGPrBJh',0),('35aNG4IapjYOpcanRPKLpw77jwX','35aN4sLcP2Gd9PDUhNqmImfscW0','SysRoleDel','system:role:del',3,1,'',NULL,NULL,NULL,NULL,'еҲ йҷӨ',0,0,0,0,0,0,0,NULL,NULL,NULL,NULL,NULL,NULL,'зі»з»ҹз®ЎзҗҶе‘ҳ','2025-11-17 01:48:43.126000','зі»з»ҹз®ЎзҗҶе‘ҳ','2025-11-17 01:48:43.129000','35PaELKCOjq8YdhmuOtQWGPrBJh','35PaELKCOjq8YdhmuOtQWGPrBJh',0),('35fcfg9ef55798c3ca9611a9c14','35fmgr7c8366ccdcc31f6ab5de7','SysFileConfig','system:file:config:list',1,1,'/system/file-config',NULL,'/system/file-config/list','carbon:cloud-upload',NULL,'ж–Үд»¶й…ҚзҪ®',0,0,0,0,0,0,0,NULL,NULL,NULL,NULL,NULL,NULL,NULL,'2026-05-15 14:07:33.886573',NULL,'2026-05-15 14:28:16.543026',NULL,NULL,0),('35flstd84b75d35ae70afd0a236','35fmgr7c8366ccdcc31f6ab5de7','SysFile','system:file:list',1,1,'/system/file',NULL,'/system/file/list','carbon:document',NULL,'ж–Үд»¶еҲ—иЎЁ',1,0,0,0,0,0,0,NULL,NULL,NULL,NULL,NULL,NULL,NULL,'2026-05-15 14:07:33.886573',NULL,'2026-05-15 14:28:16.618596',NULL,NULL,0),('35fmgr7c8366ccdcc31f6ab5de7','35PlZtb7CCmpEZ5XWwTZqEX7fMZ','FileManage',NULL,2,1,'/system/file-manage',NULL,NULL,'carbon:folder',NULL,'ж–Үд»¶з®ЎзҗҶ',12,0,0,0,0,0,0,NULL,NULL,NULL,NULL,NULL,NULL,NULL,'2026-05-15 14:28:15.544721',NULL,'2026-05-15 14:28:15.544721',NULL,NULL,0),('35PlZm6yfj0946lcdUPH1bWe1Za','35PlZt0sYaZm7yBghgvZHyDlQ8R','SystemDeptCreate','system:dept:add',3,1,NULL,NULL,NULL,NULL,NULL,'ж–°еўһ',0,0,0,0,0,0,0,NULL,NULL,NULL,NULL,NULL,'еҲӣе»әйғЁй—ЁжҢүй’®','system','2025-11-13 07:41:56.489829','system','2025-11-14 08:07:01.845283',NULL,NULL,0),('35PlZml410bKeFH9y1MGrV5lfEL','35PlZt0sYaZm7yBghgvZHyDlQ8R','SystemDeptDelete','system:dept:delete',3,1,NULL,NULL,NULL,NULL,NULL,'еҲ йҷӨ',0,0,0,0,0,0,0,NULL,NULL,NULL,NULL,NULL,'еҲ йҷӨйғЁй—ЁжҢүй’®','system','2025-11-13 07:41:56.489829','system','2025-11-14 08:07:08.807869',NULL,NULL,0),('35PlZmoOOFFC7MbxfHKRSm37iS6','35PlZrV4t4FP7RmvAjH2hHxslTu','SystemMenuCreate','system:menu:add',3,1,NULL,NULL,NULL,NULL,NULL,'ж–°еўһ',0,0,0,0,0,0,0,NULL,NULL,NULL,NULL,NULL,'еҲӣе»әиҸңеҚ•жҢүй’®','system','2025-11-13 07:41:56.489829','system','2025-11-14 08:03:01.289789',NULL,NULL,0),('35PlZmvi8gW3sDhyVIA8oe8YMLG',NULL,'Workspace',NULL,1,1,'/workspace',NULL,'/dashboard/workspace/index','carbon:workspace',NULL,'е·ҘдҪңеҸ°',0,1,0,0,0,0,0,NULL,NULL,NULL,NULL,NULL,'е·ҘдҪңеҸ°иҸңеҚ•','system','2025-11-13 07:41:56.489829','system','2025-11-13 07:41:56.489829',NULL,NULL,0),('35PlZn0U8GQDyiNQwKvbe2Q2wJk','35PlZrV4t4FP7RmvAjH2hHxslTu','SystemMenuDelete','system:menu:delete',3,1,NULL,NULL,NULL,NULL,NULL,'еҲ йҷӨ',0,0,0,0,0,0,0,NULL,NULL,NULL,NULL,NULL,'еҲ йҷӨиҸңеҚ•жҢүй’®','system','2025-11-13 07:41:56.489829','system','2025-11-14 07:47:46.965411',NULL,NULL,0),('35PlZqPBF9fiZmsewd7xsKC9kB1','35PlZt0sYaZm7yBghgvZHyDlQ8R','SystemDeptEdit','system:dept:edit',3,1,NULL,NULL,NULL,NULL,NULL,'зј–иҫ‘',0,0,0,0,0,0,0,NULL,NULL,NULL,NULL,NULL,'зј–иҫ‘йғЁй—ЁжҢүй’®','system','2025-11-13 07:41:56.489829','system','2025-11-14 08:07:16.157794',NULL,NULL,0),('35PlZraW752xuXEuWlTXKDCXVD1','35PlZrV4t4FP7RmvAjH2hHxslTu','SystemMenuEdit','system:menu:edit',3,1,NULL,NULL,NULL,NULL,NULL,'зј–иҫ‘',0,0,0,0,0,0,0,NULL,NULL,NULL,NULL,NULL,'зј–иҫ‘иҸңеҚ•жҢүй’®','system','2025-11-13 07:41:56.489829','system','2025-11-14 08:03:06.888146',NULL,NULL,0),('35PlZrV4t4FP7RmvAjH2hHxslTu','35PlZtb7CCmpEZ5XWwTZqEX7fMZ','SystemMenu','system:menu:list',1,1,'/system/menu',NULL,'/system/menu/list','carbon:menu',NULL,'иҸңеҚ•з®ЎзҗҶ',0,0,0,0,0,0,0,NULL,NULL,NULL,NULL,NULL,'иҸңеҚ•з®ЎзҗҶ','system','2025-11-13 07:41:56.489829','system','2025-11-14 08:07:26.968823',NULL,NULL,0),('35PlZt0sYaZm7yBghgvZHyDlQ8R','35PlZtb7CCmpEZ5XWwTZqEX7fMZ','SystemDept','',1,1,'/system/dept',NULL,'/system/dept/list','carbon:container-services',NULL,'йғЁй—Ёз®ЎзҗҶ',0,0,0,0,0,0,0,NULL,NULL,NULL,NULL,NULL,'йғЁй—Ёз®ЎзҗҶ','system','2025-11-13 07:41:56.489829','system','2025-11-14 08:07:20.933952',NULL,'35PaELKCOjq8YdhmuOtQWGPrBJh',0),('35PlZtb7CCmpEZ5XWwTZqEX7fMZ',NULL,'System',NULL,2,1,'/system',NULL,NULL,'carbon:settings',NULL,'зі»з»ҹз®ЎзҗҶ',9997,0,0,0,0,0,0,'','','',NULL,NULL,'зі»з»ҹз®ЎзҗҶзӣ®еҪ•','system','2025-11-13 07:41:56.489829','system','2025-11-13 07:41:56.489829',NULL,NULL,0),('3Fd3MKuj63qczAhkfZ2npgGBNeH','ai_tool','AIжү§иЎҢSQL','ai:sql:execute',3,1,'',NULL,NULL,NULL,NULL,'AIжү§иЎҢSQL',0,0,0,0,0,0,0,NULL,NULL,NULL,NULL,NULL,NULL,'Sirдё¶йӣЁиҪ©','2026-06-25 12:37:49.989000','Sirдё¶йӣЁиҪ©','2026-06-25 12:37:49.989000','35PaELKCOjq8YdhmuOtQWGPrBJh','35PaELKCOjq8YdhmuOtQWGPrBJh',0),('4d8d3c3af4a945de80f241a181c','sys_dict_menu','SysDictDataEdit','system:dict:data:edit',3,1,NULL,NULL,NULL,NULL,NULL,'зј–иҫ‘',0,0,0,0,0,0,0,NULL,NULL,NULL,NULL,NULL,NULL,NULL,'2026-05-16 02:07:00.431864',NULL,'2026-05-27 04:50:23.376662',NULL,NULL,0),('56e811b5628643e3b88aee98b33','sys_dict_menu','SysDictTypeDel','system:dict:type:delete',3,1,NULL,NULL,NULL,NULL,NULL,'еҲ йҷӨ',0,0,0,0,0,0,0,NULL,NULL,NULL,NULL,NULL,NULL,NULL,'2026-05-16 02:07:00.431864',NULL,'2026-05-27 04:50:23.468608',NULL,NULL,0),('5b8f5eef71bb423d81d3b01d3f0','sys_dict_menu','SysDictTypeEdit','system:dict:type:edit',3,1,NULL,NULL,NULL,NULL,NULL,'зј–иҫ‘',0,0,0,0,0,0,0,NULL,NULL,NULL,NULL,NULL,NULL,NULL,'2026-05-16 02:07:00.431864',NULL,'2026-05-27 04:50:23.376662',NULL,NULL,0),('871bdf0bd7054b2a8e83cc1ce3c','sys_config_menu','SysConfigEdit','system:config:edit',3,1,NULL,NULL,NULL,NULL,NULL,'зј–иҫ‘',0,0,0,0,0,0,0,NULL,NULL,NULL,NULL,NULL,NULL,NULL,'2026-05-16 02:07:00.431864',NULL,'2026-05-27 04:50:23.376662',NULL,NULL,0),('871e5be9fe6e431eb105e467ceb','sys_dict_menu','SysDictDataAdd','system:dict:data:add',3,1,NULL,NULL,NULL,NULL,NULL,'ж–°еўһ',0,0,0,0,0,0,0,NULL,NULL,NULL,NULL,NULL,NULL,NULL,'2026-05-16 02:07:00.431864',NULL,'2026-05-27 04:50:23.296564',NULL,NULL,0),('a04831863f234156ae1cc6cd706','sys_job_menu','SysJobAdd','system:job:add',3,1,NULL,NULL,NULL,NULL,NULL,'ж–°еўһ',0,0,0,0,0,0,0,NULL,NULL,NULL,NULL,NULL,NULL,NULL,'2026-05-16 02:45:09.156892',NULL,'2026-05-27 04:50:23.296564',NULL,NULL,0),('ai_mcp','ai_ops','AiMcp','ai:mcp:list',1,1,'/ai/mcp',NULL,'ai/mcp/list','lucide:plug-zap',NULL,'MCP з®ЎзҗҶ',20,0,0,0,0,0,0,NULL,NULL,NULL,NULL,NULL,'MCP жңҚеҠЎй…ҚзҪ®з®ЎзҗҶ','system','2026-06-16 07:44:07.000000','system','2026-06-16 07:44:07.000000',NULL,NULL,0),('ai_mcp_add','ai_mcp','AiMcpAdd','ai:mcp:add',3,1,NULL,NULL,NULL,NULL,NULL,'ж–°еўһ',0,0,0,0,0,0,0,NULL,NULL,NULL,NULL,NULL,NULL,'system','2026-06-16 07:44:07.000000','system','2026-06-16 07:44:07.000000',NULL,NULL,0),('ai_mcp_del','ai_mcp','AiMcpDelete','ai:mcp:delete',3,1,NULL,NULL,NULL,NULL,NULL,'еҲ йҷӨ',2,0,0,0,0,0,0,NULL,NULL,NULL,NULL,NULL,NULL,'system','2026-06-16 07:44:07.000000','system','2026-06-16 07:44:07.000000',NULL,NULL,0),('ai_mcp_edit','ai_mcp','AiMcpEdit','ai:mcp:edit',3,1,NULL,NULL,NULL,NULL,NULL,'зј–иҫ‘',1,0,0,0,0,0,0,NULL,NULL,NULL,NULL,NULL,NULL,'system','2026-06-16 07:44:07.000000','system','2026-06-16 07:44:07.000000',NULL,NULL,0),('ai_model','ai_ops','AiModel','ai:model:list',1,1,'/ai/model',NULL,'ai/model/list','lucide:brain-circuit',NULL,'жЁЎеһӢз®ЎзҗҶ',10,0,0,0,0,0,0,NULL,NULL,NULL,NULL,NULL,'AI жЁЎеһӢй…ҚзҪ®з®ЎзҗҶ','system','2026-06-16 07:44:07.000000','system','2026-06-16 07:44:07.000000',NULL,NULL,0),('ai_model_active','ai_model','AiModelActivate','ai:model:activate',3,1,NULL,NULL,NULL,NULL,NULL,'и®ҫдёәеҪ“еүҚ',3,0,0,0,0,0,0,NULL,NULL,NULL,NULL,NULL,NULL,'system','2026-06-16 07:44:07.000000','system','2026-06-16 07:44:07.000000',NULL,NULL,0),('ai_model_add','ai_model','AiModelAdd','ai:model:add',3,1,NULL,NULL,NULL,NULL,NULL,'ж–°еўһ',0,0,0,0,0,0,0,NULL,NULL,NULL,NULL,NULL,NULL,'system','2026-06-16 07:44:07.000000','system','2026-06-16 07:44:07.000000',NULL,NULL,0),('ai_model_del','ai_model','AiModelDelete','ai:model:delete',3,1,NULL,NULL,NULL,NULL,NULL,'еҲ йҷӨ',2,0,0,0,0,0,0,NULL,NULL,NULL,NULL,NULL,NULL,'system','2026-06-16 07:44:07.000000','system','2026-06-16 07:44:07.000000',NULL,NULL,0),('ai_model_edit','ai_model','AiModelEdit','ai:model:edit',3,1,NULL,NULL,NULL,NULL,NULL,'зј–иҫ‘',1,0,0,0,0,0,0,NULL,NULL,NULL,NULL,NULL,NULL,'system','2026-06-16 07:44:07.000000','system','2026-06-16 07:44:07.000000',NULL,NULL,0),('ai_ops',NULL,'AiOps',NULL,2,1,'/ai',NULL,NULL,'lucide:bot',NULL,'AI иҝҗз»ҙ',9998,0,0,0,0,0,0,NULL,NULL,NULL,NULL,NULL,'AI иҝҗз»ҙз®ЎзҗҶзӣ®еҪ•','system','2026-06-16 07:44:07.000000','system','2026-06-16 07:44:07.000000',NULL,NULL,0),('ai_sql_readonly','ai_tool','AiSqlReadonly','ai:sql:readonly',3,1,NULL,NULL,NULL,NULL,NULL,'AIеҸӘиҜ»SQL',10,0,0,0,0,0,0,NULL,NULL,NULL,NULL,NULL,'е…Ғи®ё AI и°ғз”ЁеҶ…зҪ®еҸӘиҜ» SQL е·Ҙе…·','system','2026-06-25 04:31:16.000000','system','2026-06-25 04:31:16.000000',NULL,NULL,0),('ai_tool','ai_ops','AiTool','ai:tool:list',1,1,'/ai/tool',NULL,'ai/tool/list','lucide:wrench',NULL,'е·Ҙе…·з®ЎзҗҶ',30,0,0,0,0,0,0,NULL,NULL,NULL,NULL,NULL,'AI е·Ҙе…·й…ҚзҪ®з®ЎзҗҶ','system','2026-06-16 08:26:57.000000','system','2026-06-16 08:26:57.000000',NULL,NULL,0),('ai_tool_add','ai_tool','AiToolAdd','ai:tool:add',3,1,NULL,NULL,NULL,NULL,NULL,'ж–°еўһ',0,0,0,0,0,0,0,NULL,NULL,NULL,NULL,NULL,NULL,'system','2026-06-16 08:26:57.000000','system','2026-06-16 08:26:57.000000',NULL,NULL,0),('ai_tool_del','ai_tool','AiToolDelete','ai:tool:delete',3,1,NULL,NULL,NULL,NULL,NULL,'еҲ йҷӨ',2,0,0,0,0,0,0,NULL,NULL,NULL,NULL,NULL,NULL,'system','2026-06-16 08:26:57.000000','system','2026-06-16 08:26:57.000000',NULL,NULL,0),('ai_tool_edit','ai_tool','AiToolEdit','ai:tool:edit',3,1,NULL,NULL,NULL,NULL,NULL,'зј–иҫ‘',1,0,0,0,0,0,0,NULL,NULL,NULL,NULL,NULL,NULL,'system','2026-06-16 08:26:57.000000','system','2026-06-16 08:26:57.000000',NULL,NULL,0),('ai_tool_log','ai_ops','AiToolLog','ai:toollog:list',1,1,'/ai/tool-log',NULL,'ai/tool-log/list','lucide:scroll-text',NULL,'и°ғз”Ёж—Ҙеҝ—',40,0,0,0,0,0,0,NULL,NULL,NULL,NULL,NULL,'AI е·Ҙе…·и°ғз”Ёе®Ўи®Ўж—Ҙеҝ—','system','2026-06-26 03:13:45.000000','system','2026-06-26 03:13:45.000000',NULL,NULL,0),('ai_usage','ai_ops','AiUsage','ai:usage:list',1,1,'/ai/usage',NULL,'ai/usage/index','lucide:chart-column',NULL,'з”ЁйҮҸз»ҹи®Ў',50,0,0,0,0,0,0,NULL,NULL,NULL,NULL,NULL,'AI еҜ№иҜқ token з”ЁйҮҸз»ҹи®Ў','system','2026-06-26 03:13:45.000000','system','2026-06-26 03:13:45.000000',NULL,NULL,0),('b271e8f9d6c64d8a980bceb44ef','sys_login_log','SysLoginLogDelete','system:log:login:delete',3,1,NULL,NULL,NULL,NULL,NULL,'еҲ йҷӨ',0,0,0,0,0,0,0,NULL,NULL,NULL,NULL,NULL,NULL,NULL,'2026-05-16 02:07:00.431864',NULL,'2026-05-27 04:50:23.468608',NULL,NULL,0),('c29db81ccafd49c3ac3e990ca1c','sys_online_menu','SysOnlineKickout','system:online:kickout',3,1,NULL,NULL,NULL,NULL,NULL,'ејәеҲ¶дёӢзәҝ',0,0,0,0,0,0,0,NULL,NULL,NULL,NULL,NULL,NULL,NULL,'2026-05-16 12:55:40.482144',NULL,'2026-05-16 12:55:40.655918',NULL,NULL,0),('c7086c22b7bd6706c8c25435upl','35flstd84b75d35ae70afd0a236','SysFileUpload','system:file:upload',3,1,NULL,NULL,NULL,NULL,NULL,'дёҠдј ',0,0,0,0,0,0,0,NULL,NULL,NULL,NULL,NULL,NULL,NULL,'2026-05-15 14:19:11.748346',NULL,'2026-05-15 14:19:11.748346',NULL,NULL,0),('d206c1ee8dc24ba1ae2873ef0af','sys_op_log','SysOperationLogDelete','system:log:operation:delete',3,1,NULL,NULL,NULL,NULL,NULL,'еҲ йҷӨ',0,0,0,0,0,0,0,NULL,NULL,NULL,NULL,NULL,NULL,NULL,'2026-05-16 02:07:00.431864',NULL,'2026-05-27 04:50:23.468608',NULL,NULL,0),('d64c72cc8cce4c57a34e58d2a54','sys_config_menu','SysConfigAdd','system:config:add',3,1,NULL,NULL,NULL,NULL,NULL,'ж–°еўһ',0,0,0,0,0,0,0,NULL,NULL,NULL,NULL,NULL,NULL,NULL,'2026-05-16 02:07:00.431864',NULL,'2026-05-27 04:50:23.296564',NULL,NULL,0),('e3651e7cf7382d4202b5c035edt','35fcfg9ef55798c3ca9611a9c14','SysFileConfigEdit','system:file:config:edit',3,1,NULL,NULL,NULL,NULL,NULL,'зј–иҫ‘',1,0,0,0,0,0,0,NULL,NULL,NULL,NULL,NULL,NULL,NULL,'2026-05-15 14:19:11.748346',NULL,'2026-05-15 14:19:11.748346',NULL,NULL,0),('f0d731c8f0c54ce7b183d13e309','sys_dict_menu','SysDictTypeAdd','system:dict:type:add',3,1,NULL,NULL,NULL,NULL,NULL,'ж–°еўһ',0,0,0,0,0,0,0,NULL,NULL,NULL,NULL,NULL,NULL,NULL,'2026-05-16 02:07:00.431864',NULL,'2026-05-27 04:50:23.296564',NULL,NULL,0),('f1bb21997562811b8dbcd135dwn','35flstd84b75d35ae70afd0a236','SysFileDownload','system:file:download',3,1,NULL,NULL,NULL,NULL,NULL,'дёӢиҪҪ',1,0,0,0,0,0,0,NULL,NULL,NULL,NULL,NULL,NULL,NULL,'2026-05-15 14:19:11.748346',NULL,'2026-05-15 14:19:11.748346',NULL,NULL,0),('fccb25f29043e633715c8935fdl','35flstd84b75d35ae70afd0a236','SysFileDelete','system:file:delete',3,1,NULL,NULL,NULL,NULL,NULL,'еҲ йҷӨ',2,0,0,0,0,0,0,NULL,NULL,NULL,NULL,NULL,NULL,NULL,'2026-05-15 14:19:11.748346',NULL,'2026-05-15 14:19:11.748346',NULL,NULL,0),('fd3c5aa8b46940e6ad4c11ad873','sys_dict_menu','SysDictDataDel','system:dict:data:delete',3,1,NULL,NULL,NULL,NULL,NULL,'еҲ йҷӨ',0,0,0,0,0,0,0,NULL,NULL,NULL,NULL,NULL,NULL,NULL,'2026-05-16 02:07:00.431864',NULL,'2026-05-27 04:50:23.468608',NULL,NULL,0),('ff6aa327abf9329be65edb35act','35fcfg9ef55798c3ca9611a9c14','SysFileConfigActivate','system:file:config:activate',3,1,NULL,NULL,NULL,NULL,NULL,'жҝҖжҙ»',3,0,0,0,0,0,0,NULL,NULL,NULL,NULL,NULL,NULL,NULL,'2026-05-15 14:19:11.748346',NULL,'2026-05-15 14:19:11.748346',NULL,NULL,0),('sys_config_menu','35PlZtb7CCmpEZ5XWwTZqEX7fMZ','SysConfig','system:config:list',1,1,'/system/config',NULL,'system/config/list','lucide:sliders',NULL,'зі»з»ҹеҸӮж•°',60,0,0,0,0,0,0,NULL,NULL,NULL,NULL,NULL,NULL,NULL,'2026-05-16 02:07:00.431864',NULL,'2026-05-16 02:07:00.884507',NULL,NULL,0),('sys_dict_menu','35PlZtb7CCmpEZ5XWwTZqEX7fMZ','SysDict','system:dict:list',1,1,'/system/dict',NULL,'system/dict/list','lucide:book-marked',NULL,'ж•°жҚ®еӯ—е…ё',70,0,0,0,0,0,0,NULL,NULL,NULL,NULL,NULL,NULL,NULL,'2026-05-16 02:07:00.431864',NULL,'2026-05-16 02:07:01.190405',NULL,NULL,0),('sys_job_log_menu','sys_monitor','SysJobLog','system:job:log:list',1,1,'/system/job/log',NULL,'system/job/log/list','lucide:scroll-text',NULL,'д»»еҠЎж—Ҙеҝ—',31,0,0,0,0,0,0,NULL,NULL,NULL,NULL,NULL,NULL,NULL,'2026-05-16 02:45:09.156892',NULL,'2026-05-16 02:45:09.577258',NULL,NULL,0),('sys_job_menu','sys_monitor','SysJob','system:job:list',1,1,'/system/job',NULL,'system/job/list','lucide:timer',NULL,'е®ҡж—¶д»»еҠЎ',30,0,0,0,0,0,0,NULL,NULL,NULL,NULL,NULL,NULL,NULL,'2026-05-16 02:45:09.156892',NULL,'2026-05-16 02:45:09.254377',NULL,NULL,0),('sys_login_log','sys_monitor','SysLoginLog','system:log:login:list',1,1,'/system/log/login',NULL,'system/log/login/list','lucide:log-in',NULL,'зҷ»еҪ•ж—Ҙеҝ—',20,0,0,0,0,0,0,NULL,NULL,NULL,NULL,NULL,NULL,NULL,'2026-05-16 02:07:00.431864',NULL,'2026-05-16 02:07:00.738623',NULL,NULL,0),('sys_monitor','35PlZtb7CCmpEZ5XWwTZqEX7fMZ','SysMonitor',NULL,2,1,'/system/monitor',NULL,NULL,'lucide:activity',NULL,'зі»з»ҹзӣ‘жҺ§',50,0,0,0,0,0,0,NULL,NULL,NULL,NULL,NULL,NULL,NULL,'2026-05-16 02:07:00.431864',NULL,'2026-05-16 02:07:00.525766',NULL,NULL,0),('sys_online_menu','sys_monitor','SysOnline','system:online:list',1,1,'/system/monitor/online',NULL,'system/monitor/online/index','lucide:users-round',NULL,'еңЁзәҝз”ЁжҲ·',45,0,0,0,0,0,0,NULL,NULL,NULL,NULL,NULL,NULL,NULL,'2026-05-16 12:55:40.482144',NULL,'2026-05-16 12:55:40.583180',NULL,NULL,0),('sys_op_log','sys_monitor','SysOperationLog','system:log:operation:list',1,1,'/system/log/operation',NULL,'system/log/operation/list','lucide:scroll-text',NULL,'ж“ҚдҪңж—Ҙеҝ—',10,0,0,0,0,0,0,NULL,NULL,NULL,NULL,NULL,NULL,NULL,'2026-05-16 02:07:00.431864',NULL,'2026-05-16 02:07:00.597420',NULL,NULL,0),('sys_server_monitor','sys_monitor','SysServerMonitor','system:monitor:server',1,1,'/system/monitor/server',NULL,'system/monitor/server/index','lucide:gauge',NULL,'жңҚеҠЎзӣ‘жҺ§',40,0,0,0,0,0,0,NULL,NULL,NULL,NULL,NULL,NULL,NULL,'2026-05-16 07:22:10.033120',NULL,'2026-05-16 07:22:10.113167',NULL,NULL,0);
/*!40000 ALTER TABLE `sys_menu` ENABLE KEYS */;
UNLOCK TABLES;
/*!40103 SET TIME_ZONE=@OLD_TIME_ZONE */;

/*!40101 SET SQL_MODE=@OLD_SQL_MODE */;
/*!40014 SET FOREIGN_KEY_CHECKS=@OLD_FOREIGN_KEY_CHECKS */;
/*!40014 SET UNIQUE_CHECKS=@OLD_UNIQUE_CHECKS */;
/*!40101 SET CHARACTER_SET_CLIENT=@OLD_CHARACTER_SET_CLIENT */;
/*!40101 SET CHARACTER_SET_RESULTS=@OLD_CHARACTER_SET_RESULTS */;
/*!40101 SET COLLATION_CONNECTION=@OLD_COLLATION_CONNECTION */;
/*!40111 SET SQL_NOTES=@OLD_SQL_NOTES */;

-- Dump completed on 2026-06-26 14:54:18

--
-- Seed data for table `sys_role`
--

-- MySQL dump 10.13  Distrib 8.4.9, for macos26.4 (arm64)
--
-- Host: localhost    Database: fast_admin
-- ------------------------------------------------------
-- Server version	9.5.0

/*!40101 SET @OLD_CHARACTER_SET_CLIENT=@@CHARACTER_SET_CLIENT */;
/*!40101 SET @OLD_CHARACTER_SET_RESULTS=@@CHARACTER_SET_RESULTS */;
/*!40101 SET @OLD_COLLATION_CONNECTION=@@COLLATION_CONNECTION */;
/*!50503 SET NAMES utf8mb4 */;
/*!40103 SET @OLD_TIME_ZONE=@@TIME_ZONE */;
/*!40103 SET TIME_ZONE='+00:00' */;
/*!40014 SET @OLD_UNIQUE_CHECKS=@@UNIQUE_CHECKS, UNIQUE_CHECKS=0 */;
/*!40014 SET @OLD_FOREIGN_KEY_CHECKS=@@FOREIGN_KEY_CHECKS, FOREIGN_KEY_CHECKS=0 */;
/*!40101 SET @OLD_SQL_MODE=@@SQL_MODE, SQL_MODE='NO_AUTO_VALUE_ON_ZERO' */;
/*!40111 SET @OLD_SQL_NOTES=@@SQL_NOTES, SQL_NOTES=0 */;

--
-- Dumping data for table `sys_role`
--
-- WHERE:  id IN ('35PlNb9zFOIQVWx8YoSlGGxjhHF') AND is_deleted = 0

LOCK TABLES `sys_role` WRITE;
/*!40000 ALTER TABLE `sys_role` DISABLE KEYS */;
INSERT INTO `sys_role` (`id`, `name`, `code`, `remark`, `is_enabled`, `created_by`, `created_at`, `updated_by`, `updated_at`, `is_deleted`, `created_id`, `updated_id`) VALUES ('35PlNb9zFOIQVWx8YoSlGGxjhHF','зі»з»ҹз®ЎзҗҶе‘ҳ','System','зі»з»ҹзә§з®ЎзҗҶе‘ҳпјҢжӢҘжңүжңҖй«ҳжқғйҷҗ',1,NULL,'2025-11-13 07:39:55.905897','зі»з»ҹз®ЎзҗҶе‘ҳ','2025-11-13 07:39:55.905897',0,NULL,'35PaELKCOjq8YdhmuOtQWGPrBJh');
/*!40000 ALTER TABLE `sys_role` ENABLE KEYS */;
UNLOCK TABLES;
/*!40103 SET TIME_ZONE=@OLD_TIME_ZONE */;

/*!40101 SET SQL_MODE=@OLD_SQL_MODE */;
/*!40014 SET FOREIGN_KEY_CHECKS=@OLD_FOREIGN_KEY_CHECKS */;
/*!40014 SET UNIQUE_CHECKS=@OLD_UNIQUE_CHECKS */;
/*!40101 SET CHARACTER_SET_CLIENT=@OLD_CHARACTER_SET_CLIENT */;
/*!40101 SET CHARACTER_SET_RESULTS=@OLD_CHARACTER_SET_RESULTS */;
/*!40101 SET COLLATION_CONNECTION=@OLD_COLLATION_CONNECTION */;
/*!40111 SET SQL_NOTES=@OLD_SQL_NOTES */;

-- Dump completed on 2026-06-26 14:54:18

--
-- Seed data for table `sys_roles_menus`
--

-- MySQL dump 10.13  Distrib 8.4.9, for macos26.4 (arm64)
--
-- Host: localhost    Database: fast_admin
-- ------------------------------------------------------
-- Server version	9.5.0

/*!40101 SET @OLD_CHARACTER_SET_CLIENT=@@CHARACTER_SET_CLIENT */;
/*!40101 SET @OLD_CHARACTER_SET_RESULTS=@@CHARACTER_SET_RESULTS */;
/*!40101 SET @OLD_COLLATION_CONNECTION=@@COLLATION_CONNECTION */;
/*!50503 SET NAMES utf8mb4 */;
/*!40103 SET @OLD_TIME_ZONE=@@TIME_ZONE */;
/*!40103 SET TIME_ZONE='+00:00' */;
/*!40014 SET @OLD_UNIQUE_CHECKS=@@UNIQUE_CHECKS, UNIQUE_CHECKS=0 */;
/*!40014 SET @OLD_FOREIGN_KEY_CHECKS=@@FOREIGN_KEY_CHECKS, FOREIGN_KEY_CHECKS=0 */;
/*!40101 SET @OLD_SQL_MODE=@@SQL_MODE, SQL_MODE='NO_AUTO_VALUE_ON_ZERO' */;
/*!40111 SET @OLD_SQL_NOTES=@@SQL_NOTES, SQL_NOTES=0 */;

--
-- Dumping data for table `sys_roles_menus`
--
-- WHERE:  role_id IN ('35PlNb9zFOIQVWx8YoSlGGxjhHF') AND menu_id IN (SELECT id FROM sys_menu WHERE is_deleted = 0)

LOCK TABLES `sys_roles_menus` WRITE;
/*!40000 ALTER TABLE `sys_roles_menus` DISABLE KEYS */;
INSERT INTO `sys_roles_menus` (`role_id`, `menu_id`) VALUES ('35PlNb9zFOIQVWx8YoSlGGxjhHF','03a5e92d0929456796f1e06651f'),('35PlNb9zFOIQVWx8YoSlGGxjhHF','1671612b50b414ae76ed2935del'),('35PlNb9zFOIQVWx8YoSlGGxjhHF','1b3eb8846f65413384429bc181d'),('35PlNb9zFOIQVWx8YoSlGGxjhHF','20dec697ac954fb79364a7d3f2d'),('35PlNb9zFOIQVWx8YoSlGGxjhHF','3122e315d4ecf6d5c2f0ed35add'),('35PlNb9zFOIQVWx8YoSlGGxjhHF','35akSVTGkD6d2WkjR0LUue4Rg1H'),('35PlNb9zFOIQVWx8YoSlGGxjhHF','35aN4sLcP2Gd9PDUhNqmImfscW0'),('35PlNb9zFOIQVWx8YoSlGGxjhHF','35aNAOJVk7dc8Cstw9k6xee1SnN'),('35PlNb9zFOIQVWx8YoSlGGxjhHF','35aNDFxbMYFIkujj27AXDTmSgH7'),('35PlNb9zFOIQVWx8YoSlGGxjhHF','35aNG4IapjYOpcanRPKLpw77jwX'),('35PlNb9zFOIQVWx8YoSlGGxjhHF','35fcfg9ef55798c3ca9611a9c14'),('35PlNb9zFOIQVWx8YoSlGGxjhHF','35flstd84b75d35ae70afd0a236'),('35PlNb9zFOIQVWx8YoSlGGxjhHF','35fmgr7c8366ccdcc31f6ab5de7'),('35PlNb9zFOIQVWx8YoSlGGxjhHF','35PlZm6yfj0946lcdUPH1bWe1Za'),('35PlNb9zFOIQVWx8YoSlGGxjhHF','35PlZml410bKeFH9y1MGrV5lfEL'),('35PlNb9zFOIQVWx8YoSlGGxjhHF','35PlZmoOOFFC7MbxfHKRSm37iS6'),('35PlNb9zFOIQVWx8YoSlGGxjhHF','35PlZmvi8gW3sDhyVIA8oe8YMLG'),('35PlNb9zFOIQVWx8YoSlGGxjhHF','35PlZn0U8GQDyiNQwKvbe2Q2wJk'),('35PlNb9zFOIQVWx8YoSlGGxjhHF','35PlZqPBF9fiZmsewd7xsKC9kB1'),('35PlNb9zFOIQVWx8YoSlGGxjhHF','35PlZraW752xuXEuWlTXKDCXVD1'),('35PlNb9zFOIQVWx8YoSlGGxjhHF','35PlZrV4t4FP7RmvAjH2hHxslTu'),('35PlNb9zFOIQVWx8YoSlGGxjhHF','35PlZt0sYaZm7yBghgvZHyDlQ8R'),('35PlNb9zFOIQVWx8YoSlGGxjhHF','35PlZtb7CCmpEZ5XWwTZqEX7fMZ'),('35PlNb9zFOIQVWx8YoSlGGxjhHF','3Fd3MKuj63qczAhkfZ2npgGBNeH'),('35PlNb9zFOIQVWx8YoSlGGxjhHF','4d8d3c3af4a945de80f241a181c'),('35PlNb9zFOIQVWx8YoSlGGxjhHF','56e811b5628643e3b88aee98b33'),('35PlNb9zFOIQVWx8YoSlGGxjhHF','5b8f5eef71bb423d81d3b01d3f0'),('35PlNb9zFOIQVWx8YoSlGGxjhHF','871bdf0bd7054b2a8e83cc1ce3c'),('35PlNb9zFOIQVWx8YoSlGGxjhHF','871e5be9fe6e431eb105e467ceb'),('35PlNb9zFOIQVWx8YoSlGGxjhHF','a04831863f234156ae1cc6cd706'),('35PlNb9zFOIQVWx8YoSlGGxjhHF','ai_mcp'),('35PlNb9zFOIQVWx8YoSlGGxjhHF','ai_mcp_add'),('35PlNb9zFOIQVWx8YoSlGGxjhHF','ai_mcp_del'),('35PlNb9zFOIQVWx8YoSlGGxjhHF','ai_mcp_edit'),('35PlNb9zFOIQVWx8YoSlGGxjhHF','ai_model'),('35PlNb9zFOIQVWx8YoSlGGxjhHF','ai_model_active'),('35PlNb9zFOIQVWx8YoSlGGxjhHF','ai_model_add'),('35PlNb9zFOIQVWx8YoSlGGxjhHF','ai_model_del'),('35PlNb9zFOIQVWx8YoSlGGxjhHF','ai_model_edit'),('35PlNb9zFOIQVWx8YoSlGGxjhHF','ai_ops'),('35PlNb9zFOIQVWx8YoSlGGxjhHF','ai_sql_readonly'),('35PlNb9zFOIQVWx8YoSlGGxjhHF','ai_tool'),('35PlNb9zFOIQVWx8YoSlGGxjhHF','ai_tool_add'),('35PlNb9zFOIQVWx8YoSlGGxjhHF','ai_tool_del'),('35PlNb9zFOIQVWx8YoSlGGxjhHF','ai_tool_edit'),('35PlNb9zFOIQVWx8YoSlGGxjhHF','ai_tool_log'),('35PlNb9zFOIQVWx8YoSlGGxjhHF','ai_usage'),('35PlNb9zFOIQVWx8YoSlGGxjhHF','b271e8f9d6c64d8a980bceb44ef'),('35PlNb9zFOIQVWx8YoSlGGxjhHF','c29db81ccafd49c3ac3e990ca1c'),('35PlNb9zFOIQVWx8YoSlGGxjhHF','c7086c22b7bd6706c8c25435upl'),('35PlNb9zFOIQVWx8YoSlGGxjhHF','d206c1ee8dc24ba1ae2873ef0af'),('35PlNb9zFOIQVWx8YoSlGGxjhHF','d64c72cc8cce4c57a34e58d2a54'),('35PlNb9zFOIQVWx8YoSlGGxjhHF','e3651e7cf7382d4202b5c035edt'),('35PlNb9zFOIQVWx8YoSlGGxjhHF','f0d731c8f0c54ce7b183d13e309'),('35PlNb9zFOIQVWx8YoSlGGxjhHF','f1bb21997562811b8dbcd135dwn'),('35PlNb9zFOIQVWx8YoSlGGxjhHF','fccb25f29043e633715c8935fdl'),('35PlNb9zFOIQVWx8YoSlGGxjhHF','fd3c5aa8b46940e6ad4c11ad873'),('35PlNb9zFOIQVWx8YoSlGGxjhHF','ff6aa327abf9329be65edb35act'),('35PlNb9zFOIQVWx8YoSlGGxjhHF','sys_config_menu'),('35PlNb9zFOIQVWx8YoSlGGxjhHF','sys_dict_menu'),('35PlNb9zFOIQVWx8YoSlGGxjhHF','sys_job_log_menu'),('35PlNb9zFOIQVWx8YoSlGGxjhHF','sys_job_menu'),('35PlNb9zFOIQVWx8YoSlGGxjhHF','sys_login_log'),('35PlNb9zFOIQVWx8YoSlGGxjhHF','sys_monitor'),('35PlNb9zFOIQVWx8YoSlGGxjhHF','sys_online_menu'),('35PlNb9zFOIQVWx8YoSlGGxjhHF','sys_op_log'),('35PlNb9zFOIQVWx8YoSlGGxjhHF','sys_server_monitor');
/*!40000 ALTER TABLE `sys_roles_menus` ENABLE KEYS */;
UNLOCK TABLES;
/*!40103 SET TIME_ZONE=@OLD_TIME_ZONE */;

/*!40101 SET SQL_MODE=@OLD_SQL_MODE */;
/*!40014 SET FOREIGN_KEY_CHECKS=@OLD_FOREIGN_KEY_CHECKS */;
/*!40014 SET UNIQUE_CHECKS=@OLD_UNIQUE_CHECKS */;
/*!40101 SET CHARACTER_SET_CLIENT=@OLD_CHARACTER_SET_CLIENT */;
/*!40101 SET CHARACTER_SET_RESULTS=@OLD_CHARACTER_SET_RESULTS */;
/*!40101 SET COLLATION_CONNECTION=@OLD_COLLATION_CONNECTION */;
/*!40111 SET SQL_NOTES=@OLD_SQL_NOTES */;

-- Dump completed on 2026-06-26 14:54:18

--
-- Seed data for table `sys_user`
--

-- MySQL dump 10.13  Distrib 8.4.9, for macos26.4 (arm64)
--
-- Host: localhost    Database: fast_admin
-- ------------------------------------------------------
-- Server version	9.5.0

/*!40101 SET @OLD_CHARACTER_SET_CLIENT=@@CHARACTER_SET_CLIENT */;
/*!40101 SET @OLD_CHARACTER_SET_RESULTS=@@CHARACTER_SET_RESULTS */;
/*!40101 SET @OLD_COLLATION_CONNECTION=@@COLLATION_CONNECTION */;
/*!50503 SET NAMES utf8mb4 */;
/*!40103 SET @OLD_TIME_ZONE=@@TIME_ZONE */;
/*!40103 SET TIME_ZONE='+00:00' */;
/*!40014 SET @OLD_UNIQUE_CHECKS=@@UNIQUE_CHECKS, UNIQUE_CHECKS=0 */;
/*!40014 SET @OLD_FOREIGN_KEY_CHECKS=@@FOREIGN_KEY_CHECKS, FOREIGN_KEY_CHECKS=0 */;
/*!40101 SET @OLD_SQL_MODE=@@SQL_MODE, SQL_MODE='NO_AUTO_VALUE_ON_ZERO' */;
/*!40111 SET @OLD_SQL_NOTES=@@SQL_NOTES, SQL_NOTES=0 */;

--
-- Dumping data for table `sys_user`
--
-- WHERE:  id = '3FevgYob1gUFuwgc0AnlsbhdkzK' AND username = 'admin' AND is_deleted = 0

LOCK TABLES `sys_user` WRITE;
/*!40000 ALTER TABLE `sys_user` DISABLE KEYS */;
INSERT INTO `sys_user` (`id`, `dept_id`, `username`, `password`, `email`, `phone`, `nickname`, `avatar`, `status`, `sex`, `login_ip`, `login_city`, `login_time`, `created_by`, `created_at`, `updated_by`, `updated_at`, `is_deleted`, `created_id`, `updated_id`) VALUES ('3FevgYob1gUFuwgc0AnlsbhdkzK','35SYbLjJaBxhMOAl7LdELC3Zezi','admin','$2a$10$XAdN.cVbK71pIQJVyJnd0OVnpygrgplDE9QQg3q5cztEGb/dyfdla',NULL,NULL,'и¶…зә§з®ЎзҗҶе‘ҳ',NULL,0,1,NULL,NULL,NULL,'Sirдё¶йӣЁиҪ©','2026-06-26 04:34:20.982000','Sirдё¶йӣЁиҪ©','2026-06-26 04:34:20.982000',0,'35PaELKCOjq8YdhmuOtQWGPrBJh','35PaELKCOjq8YdhmuOtQWGPrBJh');
/*!40000 ALTER TABLE `sys_user` ENABLE KEYS */;
UNLOCK TABLES;
/*!40103 SET TIME_ZONE=@OLD_TIME_ZONE */;

/*!40101 SET SQL_MODE=@OLD_SQL_MODE */;
/*!40014 SET FOREIGN_KEY_CHECKS=@OLD_FOREIGN_KEY_CHECKS */;
/*!40014 SET UNIQUE_CHECKS=@OLD_UNIQUE_CHECKS */;
/*!40101 SET CHARACTER_SET_CLIENT=@OLD_CHARACTER_SET_CLIENT */;
/*!40101 SET CHARACTER_SET_RESULTS=@OLD_CHARACTER_SET_RESULTS */;
/*!40101 SET COLLATION_CONNECTION=@OLD_COLLATION_CONNECTION */;
/*!40111 SET SQL_NOTES=@OLD_SQL_NOTES */;

-- Dump completed on 2026-06-26 14:54:18

--
-- Seed data for table `sys_users_roles`
--

-- MySQL dump 10.13  Distrib 8.4.9, for macos26.4 (arm64)
--
-- Host: localhost    Database: fast_admin
-- ------------------------------------------------------
-- Server version	9.5.0

/*!40101 SET @OLD_CHARACTER_SET_CLIENT=@@CHARACTER_SET_CLIENT */;
/*!40101 SET @OLD_CHARACTER_SET_RESULTS=@@CHARACTER_SET_RESULTS */;
/*!40101 SET @OLD_COLLATION_CONNECTION=@@COLLATION_CONNECTION */;
/*!50503 SET NAMES utf8mb4 */;
/*!40103 SET @OLD_TIME_ZONE=@@TIME_ZONE */;
/*!40103 SET TIME_ZONE='+00:00' */;
/*!40014 SET @OLD_UNIQUE_CHECKS=@@UNIQUE_CHECKS, UNIQUE_CHECKS=0 */;
/*!40014 SET @OLD_FOREIGN_KEY_CHECKS=@@FOREIGN_KEY_CHECKS, FOREIGN_KEY_CHECKS=0 */;
/*!40101 SET @OLD_SQL_MODE=@@SQL_MODE, SQL_MODE='NO_AUTO_VALUE_ON_ZERO' */;
/*!40111 SET @OLD_SQL_NOTES=@@SQL_NOTES, SQL_NOTES=0 */;

--
-- Dumping data for table `sys_users_roles`
--
-- WHERE:  user_id = '3FevgYob1gUFuwgc0AnlsbhdkzK' AND role_id IN ('35PlNb9zFOIQVWx8YoSlGGxjhHF')

LOCK TABLES `sys_users_roles` WRITE;
/*!40000 ALTER TABLE `sys_users_roles` DISABLE KEYS */;
INSERT INTO `sys_users_roles` (`user_id`, `role_id`) VALUES ('3FevgYob1gUFuwgc0AnlsbhdkzK','35PlNb9zFOIQVWx8YoSlGGxjhHF');
/*!40000 ALTER TABLE `sys_users_roles` ENABLE KEYS */;
UNLOCK TABLES;
/*!40103 SET TIME_ZONE=@OLD_TIME_ZONE */;

/*!40101 SET SQL_MODE=@OLD_SQL_MODE */;
/*!40014 SET FOREIGN_KEY_CHECKS=@OLD_FOREIGN_KEY_CHECKS */;
/*!40014 SET UNIQUE_CHECKS=@OLD_UNIQUE_CHECKS */;
/*!40101 SET CHARACTER_SET_CLIENT=@OLD_CHARACTER_SET_CLIENT */;
/*!40101 SET CHARACTER_SET_RESULTS=@OLD_CHARACTER_SET_RESULTS */;
/*!40101 SET COLLATION_CONNECTION=@OLD_COLLATION_CONNECTION */;
/*!40111 SET SQL_NOTES=@OLD_SQL_NOTES */;

-- Dump completed on 2026-06-26 14:54:18

--
-- Seed data for table `ai_tool_config`
--

-- MySQL dump 10.13  Distrib 8.4.9, for macos26.4 (arm64)
--
-- Host: localhost    Database: fast_admin
-- ------------------------------------------------------
-- Server version	9.5.0

/*!40101 SET @OLD_CHARACTER_SET_CLIENT=@@CHARACTER_SET_CLIENT */;
/*!40101 SET @OLD_CHARACTER_SET_RESULTS=@@CHARACTER_SET_RESULTS */;
/*!40101 SET @OLD_COLLATION_CONNECTION=@@COLLATION_CONNECTION */;
/*!50503 SET NAMES utf8mb4 */;
/*!40103 SET @OLD_TIME_ZONE=@@TIME_ZONE */;
/*!40103 SET TIME_ZONE='+00:00' */;
/*!40014 SET @OLD_UNIQUE_CHECKS=@@UNIQUE_CHECKS, UNIQUE_CHECKS=0 */;
/*!40014 SET @OLD_FOREIGN_KEY_CHECKS=@@FOREIGN_KEY_CHECKS, FOREIGN_KEY_CHECKS=0 */;
/*!40101 SET @OLD_SQL_MODE=@@SQL_MODE, SQL_MODE='NO_AUTO_VALUE_ON_ZERO' */;
/*!40111 SET @OLD_SQL_NOTES=@@SQL_NOTES, SQL_NOTES=0 */;

--
-- Dumping data for table `ai_tool_config`
--
-- WHERE:  system_builtin = 1 AND is_deleted = 0

LOCK TABLES `ai_tool_config` WRITE;
/*!40000 ALTER TABLE `ai_tool_config` DISABLE KEYS */;
INSERT INTO `ai_tool_config` (`id`, `name`, `tool_code`, `type`, `description`, `enabled`, `system_builtin`, `permission_code`, `method`, `url`, `headers_json`, `body_template`, `sql_text`, `read_only`, `timeout_ms`, `remark`, `created_by`, `created_id`, `created_at`, `updated_by`, `updated_id`, `updated_at`, `is_deleted`) VALUES ('builtin_describe_schema','жҹҘиҜўиЎЁз»“жһ„','describe_schema','sql','зі»з»ҹеҶ…зҪ®е·Ҙе…·пјҡиҜ»еҸ– information_schemaпјҢиҝ”еӣһеә“иЎЁеҗҚжҲ–жҢҮе®ҡиЎЁзҡ„еӯ—ж®өе®ҡд№үпјҢдҫӣжЁЎеһӢеҶҷ SQL еүҚзЎ®и®Өз»“жһ„гҖӮ',1,1,'ai:sql:readonly',NULL,NULL,NULL,NULL,NULL,1,10000,'зі»з»ҹеҶ…зҪ®пјҢејҖе…іжқҘиҮӘзі»з»ҹеҸӮж•° ai.schema-tool.enabled','system',NULL,'2026-06-26 11:13:45','system',NULL,'2026-06-26 11:13:45',0),('builtin_execute_readonly_sql','жү§иЎҢеҸӘиҜ» SQL','execute_readonly_sql','sql','зі»з»ҹеҶ…зҪ®е·Ҙе…·пјҡжү§иЎҢеҚ•жқЎеҸӘиҜ» SQLпјҢиҝ”еӣһ JSON з»“жһңгҖӮд»…е…Ғи®ё select/show/desc/describe/explainгҖӮ',1,1,'ai:sql:readonly',NULL,NULL,NULL,NULL,NULL,1,10000,'зі»з»ҹеҶ…зҪ®пјҢй…ҚзҪ®йЎ№жқҘиҮӘзі»з»ҹеҸӮж•°иЎЁ','system',NULL,'2026-06-25 15:11:16','system',NULL,'2026-06-25 15:11:16',0),('builtin_execute_sql','жү§иЎҢд»»ж„Ҹ SQL','execute_sql','sql','зі»з»ҹеҶ…зҪ®е·Ҙе…·пјҡжү§иЎҢд»»ж„Ҹ SQLпјҲselect/insert/update/delete/ddlпјүпјҢжү§иЎҢеүҚйңҖз”ЁжҲ·дәҢж¬ЎзЎ®и®ӨгҖӮ',1,1,'ai:sql:execute',NULL,NULL,NULL,NULL,NULL,0,10000,'зі»з»ҹеҶ…зҪ®пјҢејҖе…іжқҘиҮӘзі»з»ҹеҸӮж•° ai.execute-sql.enabled','system',NULL,'2026-06-25 20:06:21','system',NULL,'2026-06-25 20:06:21',0);
/*!40000 ALTER TABLE `ai_tool_config` ENABLE KEYS */;
UNLOCK TABLES;
/*!40103 SET TIME_ZONE=@OLD_TIME_ZONE */;

/*!40101 SET SQL_MODE=@OLD_SQL_MODE */;
/*!40014 SET FOREIGN_KEY_CHECKS=@OLD_FOREIGN_KEY_CHECKS */;
/*!40014 SET UNIQUE_CHECKS=@OLD_UNIQUE_CHECKS */;
/*!40101 SET CHARACTER_SET_CLIENT=@OLD_CHARACTER_SET_CLIENT */;
/*!40101 SET CHARACTER_SET_RESULTS=@OLD_CHARACTER_SET_RESULTS */;
/*!40101 SET COLLATION_CONNECTION=@OLD_COLLATION_CONNECTION */;
/*!40111 SET SQL_NOTES=@OLD_SQL_NOTES */;

-- Dump completed on 2026-06-26 14:54:18
